Industry,Event,Date,Industry_Return,Market_Return,Expected_Return,Abnormal_Return
Technology_and_Telecommunications,Brexit Referendum Day,06/24/2016,-0.0930620006442816,-0.0314605164436398,-0.0260078551471662,-0.06705414549711541
Technology_and_Telecommunications,Brexit Referendum Day,06/27/2016,-0.1347931114648484,-0.0254939962892312,-0.0209918069423395,-0.1138013045225089
Technology_and_Telecommunications,Brexit Referendum Day,06/28/2016,0.0512196043439501,0.0264450706874055,0.0226733206238569,0.0285462837200932
Technology_and_Telecommunications,Brexit Referendum Day,06/29/2016,0.0159512525495677,0.0357794604271037,0.0305207338036096,-0.0145694812540419
Technology_and_Telecommunications,Brexit Referendum Day,06/30/2016,0.008849481395279,0.0226725530757587,0.0195017684118701,-0.0106522870165911
Technology_and_Telecommunications,Brexit Referendum Day,07/01/2016,0.0147141288498959,0.0113002171189942,0.0099410556539545,0.0047730731959413995
Technology_and_Telecommunications,Brexit Referendum Day,07/04/2016,-0.0485219428604987,-0.0084374717455598,-0.0066524018781248,-0.0418695409823739
Technology_and_Telecommunications,Brexit Referendum Day,07/05/2016,-0.0767879135435881,0.0035417104929227,0.003418486010896,-0.08020639955448411
Technology_and_Telecommunications,Brexit Referendum Day,07/06/2016,-0.0038096615976157,-0.0124972967134077,-0.010065493129788,0.006255831532172299
Technology_and_Telecommunications,Brexit Referendum Day,07/07/2016,0.0497133796172812,0.0108607751053015,0.0095716171425837,0.0401417624746975
Technology_and_Telecommunications,Brexit Referendum Day,07/08/2016,0.0127505562892342,0.0086933017029386,0.0077494241745605,0.0050011321146737
Technology_and_Telecommunications,Brexit Referendum Day,07/11/2016,0.0386691132134127,0.0140047648650878,0.0122147665466659,0.0264543466667468
Technology_and_Telecommunications,Brexit Referendum Day,07/12/2016,0.0187588224821322,-0.0003291545681356,0.0001642531853685,0.0185945692967637
Technology_and_Telecommunications,Brexit Referendum Day,07/13/2016,0.0116149672177754,-0.0015417984144801,-0.0008552154213127,0.0124701826390881
Technology_and_Telecommunications,Brexit Referendum Day,07/14/2016,-0.018202372325355,-0.0023836505421755,-0.0015629597588116,-0.0166394125665434
Technology_and_Telecommunications,Brexit Referendum Day,07/15/2016,-0.0125497240965113,0.002209060832895,0.0022981286230297,-0.014847852719541001
Technology_and_Telecommunications,Brexit Referendum Day,07/18/2016,0.0138648273466304,0.0039284631236087,0.0037436286046792,0.0101211987419512
Technology_and_Telecommunications,Brexit Referendum Day,07/19/2016,0.0031338790869421,0.0002987125532709,0.000692100517766,0.0024417785691761
Technology_and_Telecommunications,Brexit Referendum Day,07/20/2016,0.0181765065808472,0.0047182635227129,0.0044076131000925,0.013768893480754699
Technology_and_Telecommunications,Brexit Referendum Day,07/21/2016,-0.0150625969592227,-0.0043245798270545,-0.0031946972880847,-0.011867899671138
Technology_and_Telecommunications,Brexit Referendum Day,07/22/2016,-0.0144435639706012,0.0045672469890998,0.0042806536341516,-0.018724217604752798
Technology_and_Telecommunications,Brexit Referendum Day,07/25/2016,0.0083333495490411,-0.0030309638724834,-0.0021071555017946,0.0104405050508357
Technology_and_Telecommunications,Brexit Referendum Day,07/26/2016,-0.0005699673795713,0.0020714895666913,0.0021824725814814,-0.0027524399610527
Technology_and_Telecommunications,Brexit Referendum Day,07/27/2016,0.051040641276312,0.0039262198607599,0.0037417426955908,0.0472988985807212
Technology_and_Telecommunications,Brexit Referendum Day,07/28/2016,-0.0056972318505967,-0.0043404546562236,-0.0032080432428951,-0.0024891886077016002
Technology_and_Telecommunications,Brexit Referendum Day,07/29/2016,0.0114600297177918,0.0004909619912745,0.0008537244498773,0.0106063052679145
Technology_and_Telecommunications,Brexit Referendum Day,08/01/2016,0.0,-0.0045208349868,-0.0033596888269136,0.0033596888269136
Technology_and_Telecommunications,Brexit Referendum Day,08/02/2016,0.0072830708676161,-0.0072602476331415,-0.0056627106103577,0.0129457814779738
Technology_and_Telecommunications,Brexit Referendum Day,08/03/2016,0.002410530019187,-0.0016552803686231,-0.0009506195995653,0.0033611496187522997
Technology_and_Telecommunications,Brexit Referendum Day,08/04/2016,0.0216405195034512,0.0159472287661426,0.0138477942263976,0.007792725277053601
Technology_and_Telecommunications,Brexit Referendum Day,06/24/2016,-0.0930620006442816,-0.0314605164436398,-0.0260078551471662,-0.06705414549711541
Technology_and_Telecommunications,Brexit Referendum Day,06/27/2016,-0.1347931114648484,-0.0254939962892312,-0.0209918069423395,-0.1138013045225089
Technology_and_Telecommunications,Brexit Referendum Day,06/28/2016,0.0512196043439501,0.0264450706874055,0.0226733206238569,0.0285462837200932
Technology_and_Telecommunications,Brexit Referendum Day,06/29/2016,0.0159512525495677,0.0357794604271037,0.0305207338036096,-0.0145694812540419
Technology_and_Telecommunications,Brexit Referendum Day,06/30/2016,0.008849481395279,0.0226725530757587,0.0195017684118701,-0.0106522870165911
Technology_and_Telecommunications,Brexit Referendum Day,07/01/2016,0.0147141288498959,0.0113002171189942,0.0099410556539545,0.0047730731959413995
Technology_and_Telecommunications,Brexit Referendum Day,07/04/2016,-0.0485219428604987,-0.0084374717455598,-0.0066524018781248,-0.0418695409823739
Technology_and_Telecommunications,Brexit Referendum Day,07/05/2016,-0.0767879135435881,0.0035417104929227,0.003418486010896,-0.08020639955448411
Technology_and_Telecommunications,Brexit Referendum Day,07/06/2016,-0.0038096615976157,-0.0124972967134077,-0.010065493129788,0.006255831532172299
Technology_and_Telecommunications,Brexit Referendum Day,07/07/2016,0.0497133796172812,0.0108607751053015,0.0095716171425837,0.0401417624746975
Technology_and_Telecommunications,Brexit Referendum Day,07/08/2016,0.0127505562892342,0.0086933017029386,0.0077494241745605,0.0050011321146737
Technology_and_Telecommunications,Brexit Referendum Day,07/11/2016,0.0386691132134127,0.0140047648650878,0.0122147665466659,0.0264543466667468
Technology_and_Telecommunications,Brexit Referendum Day,07/12/2016,0.0187588224821322,-0.0003291545681356,0.0001642531853685,0.0185945692967637
Technology_and_Telecommunications,Brexit Referendum Day,07/13/2016,0.0116149672177754,-0.0015417984144801,-0.0008552154213127,0.0124701826390881
Technology_and_Telecommunications,Brexit Referendum Day,07/14/2016,-0.018202372325355,-0.0023836505421755,-0.0015629597588116,-0.0166394125665434
Technology_and_Telecommunications,Brexit Referendum Day,07/15/2016,-0.0125497240965113,0.002209060832895,0.0022981286230297,-0.014847852719541001
Technology_and_Telecommunications,Brexit Referendum Day,07/18/2016,0.0138648273466304,0.0039284631236087,0.0037436286046792,0.0101211987419512
Technology_and_Telecommunications,Brexit Referendum Day,07/19/2016,0.0031338790869421,0.0002987125532709,0.000692100517766,0.0024417785691761
Technology_and_Telecommunications,Brexit Referendum Day,07/20/2016,0.0181765065808472,0.0047182635227129,0.0044076131000925,0.013768893480754699
Technology_and_Telecommunications,Brexit Referendum Day,07/21/2016,-0.0150625969592227,-0.0043245798270545,-0.0031946972880847,-0.011867899671138
Technology_and_Telecommunications,Brexit Referendum Day,07/22/2016,-0.0144435639706012,0.0045672469890998,0.0042806536341516,-0.018724217604752798
Technology_and_Telecommunications,Brexit Referendum Day,07/25/2016,0.0083333495490411,-0.0030309638724834,-0.0021071555017946,0.0104405050508357
Technology_and_Telecommunications,Brexit Referendum Day,07/26/2016,-0.0005699673795713,0.0020714895666913,0.0021824725814814,-0.0027524399610527
Technology_and_Telecommunications,Brexit Referendum Day,07/27/2016,0.051040641276312,0.0039262198607599,0.0037417426955908,0.0472988985807212
Technology_and_Telecommunications,Brexit Referendum Day,07/28/2016,-0.0056972318505967,-0.0043404546562236,-0.0032080432428951,-0.0024891886077016002
Technology_and_Telecommunications,Brexit Referendum Day,07/29/2016,0.0114600297177918,0.0004909619912745,0.0008537244498773,0.0106063052679145
Technology_and_Telecommunications,Brexit Referendum Day,08/01/2016,0.0,-0.0045208349868,-0.0033596888269136,0.0033596888269136
Technology_and_Telecommunications,Brexit Referendum Day,08/02/2016,0.0072830708676161,-0.0072602476331415,-0.0056627106103577,0.0129457814779738
Technology_and_Telecommunications,Brexit Referendum Day,08/03/2016,0.002410530019187,-0.0016552803686231,-0.0009506195995653,0.0033611496187522997
Technology_and_Telecommunications,Brexit Referendum Day,08/04/2016,0.0216405195034512,0.0159472287661426,0.0138477942263976,0.007792725277053601
Technology_and_Telecommunications,Brexit Referendum Day,06/24/2016,-0.0930620006442816,-0.0314605164436398,-0.0260078551471662,-0.06705414549711541
Technology_and_Telecommunications,Brexit Referendum Day,06/27/2016,-0.1347931114648484,-0.0254939962892312,-0.0209918069423395,-0.1138013045225089
Technology_and_Telecommunications,Brexit Referendum Day,06/28/2016,0.0512196043439501,0.0264450706874055,0.0226733206238569,0.0285462837200932
Technology_and_Telecommunications,Brexit Referendum Day,06/29/2016,0.0159512525495677,0.0357794604271037,0.0305207338036096,-0.0145694812540419
Technology_and_Telecommunications,Brexit Referendum Day,06/30/2016,0.008849481395279,0.0226725530757587,0.0195017684118701,-0.0106522870165911
Technology_and_Telecommunications,Brexit Referendum Day,07/01/2016,0.0147141288498959,0.0113002171189942,0.0099410556539545,0.0047730731959413995
Technology_and_Telecommunications,Brexit Referendum Day,07/04/2016,-0.0485219428604987,-0.0084374717455598,-0.0066524018781248,-0.0418695409823739
Technology_and_Telecommunications,Brexit Referendum Day,07/05/2016,-0.0767879135435881,0.0035417104929227,0.003418486010896,-0.08020639955448411
Technology_and_Telecommunications,Brexit Referendum Day,07/06/2016,-0.0038096615976157,-0.0124972967134077,-0.010065493129788,0.006255831532172299
Technology_and_Telecommunications,Brexit Referendum Day,07/07/2016,0.0497133796172812,0.0108607751053015,0.0095716171425837,0.0401417624746975
Technology_and_Telecommunications,Brexit Referendum Day,07/08/2016,0.0127505562892342,0.0086933017029386,0.0077494241745605,0.0050011321146737
Technology_and_Telecommunications,Brexit Referendum Day,07/11/2016,0.0386691132134127,0.0140047648650878,0.0122147665466659,0.0264543466667468
Technology_and_Telecommunications,Brexit Referendum Day,07/12/2016,0.0187588224821322,-0.0003291545681356,0.0001642531853685,0.0185945692967637
Technology_and_Telecommunications,Brexit Referendum Day,07/13/2016,0.0116149672177754,-0.0015417984144801,-0.0008552154213127,0.0124701826390881
Technology_and_Telecommunications,Brexit Referendum Day,07/14/2016,-0.018202372325355,-0.0023836505421755,-0.0015629597588116,-0.0166394125665434
Technology_and_Telecommunications,Brexit Referendum Day,07/15/2016,-0.0125497240965113,0.002209060832895,0.0022981286230297,-0.014847852719541001
Technology_and_Telecommunications,Brexit Referendum Day,07/18/2016,0.0138648273466304,0.0039284631236087,0.0037436286046792,0.0101211987419512
Technology_and_Telecommunications,Brexit Referendum Day,07/19/2016,0.0031338790869421,0.0002987125532709,0.000692100517766,0.0024417785691761
Technology_and_Telecommunications,Brexit Referendum Day,07/20/2016,0.0181765065808472,0.0047182635227129,0.0044076131000925,0.013768893480754699
Technology_and_Telecommunications,Brexit Referendum Day,07/21/2016,-0.0150625969592227,-0.0043245798270545,-0.0031946972880847,-0.011867899671138
Technology_and_Telecommunications,Brexit Referendum Day,07/22/2016,-0.0144435639706012,0.0045672469890998,0.0042806536341516,-0.018724217604752798
Technology_and_Telecommunications,Brexit Referendum Day,07/25/2016,0.0083333495490411,-0.0030309638724834,-0.0021071555017946,0.0104405050508357
Technology_and_Telecommunications,Brexit Referendum Day,07/26/2016,-0.0005699673795713,0.0020714895666913,0.0021824725814814,-0.0027524399610527
Technology_and_Telecommunications,Brexit Referendum Day,07/27/2016,0.051040641276312,0.0039262198607599,0.0037417426955908,0.0472988985807212
Technology_and_Telecommunications,Brexit Referendum Day,07/28/2016,-0.0056972318505967,-0.0043404546562236,-0.0032080432428951,-0.0024891886077016002
Technology_and_Telecommunications,Brexit Referendum Day,07/29/2016,0.0114600297177918,0.0004909619912745,0.0008537244498773,0.0106063052679145
Technology_and_Telecommunications,Brexit Referendum Day,08/01/2016,0.0,-0.0045208349868,-0.0033596888269136,0.0033596888269136
Technology_and_Telecommunications,Brexit Referendum Day,08/02/2016,0.0072830708676161,-0.0072602476331415,-0.0056627106103577,0.0129457814779738
Technology_and_Telecommunications,Brexit Referendum Day,08/03/2016,0.002410530019187,-0.0016552803686231,-0.0009506195995653,0.0033611496187522997
Technology_and_Telecommunications,Brexit Referendum Day,08/04/2016,0.0216405195034512,0.0159472287661426,0.0138477942263976,0.007792725277053601
Technology_and_Telecommunications,Brexit Referendum Day,06/24/2016,-0.0968319524590094,-0.0718493316770992,-0.0599626963115222,-0.0368692561474872
Technology_and_Telecommunications,Brexit Referendum Day,06/27/2016,-0.0814033802516978,-0.069629057871896,-0.0580961140916357,-0.023307266160062096
Technology_and_Telecommunications,Brexit Referendum Day,06/28/2016,0.0374640975157951,0.0357564658223685,0.0305014022597921,0.006962695256003001
Technology_and_Telecommunications,Brexit Referendum Day,06/29/2016,0.0277780063897974,0.0322387647530666,0.0275440740890742,0.000233932300723199
Technology_and_Telecommunications,Brexit Referendum Day,06/30/2016,-0.0033786056210132,0.0167594131190818,0.0145305968919579,-0.0179092025129711
Technology_and_Telecommunications,Brexit Referendum Day,07/01/2016,0.0020340958372193,0.011947587765549,0.0104852995826554,-0.0084512037454361
Technology_and_Telecommunications,Brexit Referendum Day,07/04/2016,-0.040595625282963,-0.0211836752414138,-0.0173681238582966,-0.023227501424666397
Technology_and_Telecommunications,Brexit Referendum Day,07/05/2016,-0.0148095672497708,-0.0237021223557353,-0.019485380114845,0.004675812865074201
Technology_and_Telecommunications,Brexit Referendum Day,07/06/2016,0.0136006212361075,-0.0041309970443138,-0.0030319524142349,0.0166325736503424
Technology_and_Telecommunications,Brexit Referendum Day,07/07/2016,0.0021187451404447,0.0146205483525163,0.0127324551786896,-0.010613710038244899
Technology_and_Telecommunications,Brexit Referendum Day,07/08/2016,0.013389548103404,0.0175484944415578,0.0151939768602872,-0.0018044287568832005
Technology_and_Telecommunications,Brexit Referendum Day,07/11/2016,0.0292074941833182,0.0326744422801139,0.0279103477998592,0.0012971463834589997
Technology_and_Telecommunications,Brexit Referendum Day,07/12/2016,0.0074322517204323,0.0060275832253193,0.0055083570134354,0.0019238947069969
Technology_and_Telecommunications,Brexit Referendum Day,07/13/2016,-0.0006704578468009,-0.0033378519006163,-0.002365155995007,0.0016946981482060999
Technology_and_Telecommunications,Brexit Referendum Day,07/14/2016,0.0234897220286784,0.0022088233538295,0.0022979289745898,0.021191793054088602
Technology_and_Telecommunications,Brexit Referendum Day,07/15/2016,-0.007213231897027,-0.0036156313289253,-0.0025986849141505,-0.0046145469828764996
Technology_and_Telecommunications,Brexit Referendum Day,07/18/2016,0.0118892123607181,0.008393370773686,0.0074972725082097,0.004391939852508399
Technology_and_Telecommunications,Brexit Referendum Day,07/19/2016,0.0137076441984544,0.0022884900898096,0.0023649047289082,0.0113427394695462
Technology_and_Telecommunications,Brexit Referendum Day,07/20/2016,0.0122344260917401,0.0066602156694075,0.0060402105483873,0.0061942155433528
Technology_and_Telecommunications,Brexit Referendum Day,07/21/2016,0.0146308586196315,0.0016746087788197,0.0018488152549303,0.012782043364701201
Technology_and_Telecommunications,Brexit Referendum Day,07/22/2016,0.0006269272207155,-0.0037483950139483,-0.0027102992264618,0.0033372264471773
Technology_and_Telecommunications,Brexit Referendum Day,07/25/2016,-0.0012529760385388,0.0063296729178319,0.0057623235501452,-0.007015299588684
Technology_and_Telecommunications,Brexit Referendum Day,07/26/2016,-0.0081556304891119,-0.0012813990184892,-0.0006362978799326,-0.007519332609179301
Technology_and_Telecommunications,Brexit Referendum Day,07/27/2016,0.0189752982863293,0.0115296521640724,0.0101339414929705,0.008841356793358799
Technology_and_Telecommunications,Brexit Referendum Day,07/28/2016,0.0148975531149704,-0.0007876571199486,-0.0002212095035039,0.0151187626184743
Technology_and_Telecommunications,Brexit Referendum Day,07/29/2016,0.0006115895402423,0.0017736538310446,0.0019320823425379,-0.0013204928022956001
Technology_and_Telecommunications,Brexit Referendum Day,08/01/2016,-0.0091686886588423,-0.0083146444535981,-0.006549141082652,-0.0026195475761902993
Technology_and_Telecommunications,Brexit Referendum Day,08/02/2016,-0.0117212920965766,-0.0044459030890217,-0.0032966936468743,-0.0084245984497023
Technology_and_Telecommunications,Brexit Referendum Day,08/03/2016,0.0037454974088804,-0.0038621807785852,-0.0028059588179274,0.006551456226807801
Technology_and_Telecommunications,Brexit Referendum Day,08/04/2016,0.0037311524977301,0.0145437267272736,0.0126678713064461,-0.008936718808716
Technology_and_Telecommunications,Brexit Referendum Day,06/24/2016,-0.0968319524590094,-0.0718493316770992,-0.0599626963115222,-0.0368692561474872
Technology_and_Telecommunications,Brexit Referendum Day,06/27/2016,-0.0814033802516978,-0.069629057871896,-0.0580961140916357,-0.023307266160062096
Technology_and_Telecommunications,Brexit Referendum Day,06/28/2016,0.0374640975157951,0.0357564658223685,0.0305014022597921,0.006962695256003001
Technology_and_Telecommunications,Brexit Referendum Day,06/29/2016,0.0277780063897974,0.0322387647530666,0.0275440740890742,0.000233932300723199
Technology_and_Telecommunications,Brexit Referendum Day,06/30/2016,-0.0033786056210132,0.0167594131190818,0.0145305968919579,-0.0179092025129711
Technology_and_Telecommunications,Brexit Referendum Day,07/01/2016,0.0020340958372193,0.011947587765549,0.0104852995826554,-0.0084512037454361
Technology_and_Telecommunications,Brexit Referendum Day,07/04/2016,-0.040595625282963,-0.0211836752414138,-0.0173681238582966,-0.023227501424666397
Technology_and_Telecommunications,Brexit Referendum Day,07/05/2016,-0.0148095672497708,-0.0237021223557353,-0.019485380114845,0.004675812865074201
Technology_and_Telecommunications,Brexit Referendum Day,07/06/2016,0.0136006212361075,-0.0041309970443138,-0.0030319524142349,0.0166325736503424
Technology_and_Telecommunications,Brexit Referendum Day,07/07/2016,0.0021187451404447,0.0146205483525163,0.0127324551786896,-0.010613710038244899
Technology_and_Telecommunications,Brexit Referendum Day,07/08/2016,0.013389548103404,0.0175484944415578,0.0151939768602872,-0.0018044287568832005
Technology_and_Telecommunications,Brexit Referendum Day,07/11/2016,0.0292074941833182,0.0326744422801139,0.0279103477998592,0.0012971463834589997
Technology_and_Telecommunications,Brexit Referendum Day,07/12/2016,0.0074322517204323,0.0060275832253193,0.0055083570134354,0.0019238947069969
Technology_and_Telecommunications,Brexit Referendum Day,07/13/2016,-0.0006704578468009,-0.0033378519006163,-0.002365155995007,0.0016946981482060999
Technology_and_Telecommunications,Brexit Referendum Day,07/14/2016,0.0234897220286784,0.0022088233538295,0.0022979289745898,0.021191793054088602
Technology_and_Telecommunications,Brexit Referendum Day,07/15/2016,-0.007213231897027,-0.0036156313289253,-0.0025986849141505,-0.0046145469828764996
Technology_and_Telecommunications,Brexit Referendum Day,07/18/2016,0.0118892123607181,0.008393370773686,0.0074972725082097,0.004391939852508399
Technology_and_Telecommunications,Brexit Referendum Day,07/19/2016,0.0137076441984544,0.0022884900898096,0.0023649047289082,0.0113427394695462
Technology_and_Telecommunications,Brexit Referendum Day,07/20/2016,0.0122344260917401,0.0066602156694075,0.0060402105483873,0.0061942155433528
Technology_and_Telecommunications,Brexit Referendum Day,07/21/2016,0.0146308586196315,0.0016746087788197,0.0018488152549303,0.012782043364701201
Technology_and_Telecommunications,Brexit Referendum Day,07/22/2016,0.0006269272207155,-0.0037483950139483,-0.0027102992264618,0.0033372264471773
Technology_and_Telecommunications,Brexit Referendum Day,07/25/2016,-0.0012529760385388,0.0063296729178319,0.0057623235501452,-0.007015299588684
Technology_and_Telecommunications,Brexit Referendum Day,07/26/2016,-0.0081556304891119,-0.0012813990184892,-0.0006362978799326,-0.007519332609179301
Technology_and_Telecommunications,Brexit Referendum Day,07/27/2016,0.0189752982863293,0.0115296521640724,0.0101339414929705,0.008841356793358799
Technology_and_Telecommunications,Brexit Referendum Day,07/28/2016,0.0148975531149704,-0.0007876571199486,-0.0002212095035039,0.0151187626184743
Technology_and_Telecommunications,Brexit Referendum Day,07/29/2016,0.0006115895402423,0.0017736538310446,0.0019320823425379,-0.0013204928022956001
Technology_and_Telecommunications,Brexit Referendum Day,08/01/2016,-0.0091686886588423,-0.0083146444535981,-0.006549141082652,-0.0026195475761902993
Technology_and_Telecommunications,Brexit Referendum Day,08/02/2016,-0.0117212920965766,-0.0044459030890217,-0.0032966936468743,-0.0084245984497023
Technology_and_Telecommunications,Brexit Referendum Day,08/03/2016,0.0037454974088804,-0.0038621807785852,-0.0028059588179274,0.006551456226807801
Technology_and_Telecommunications,Brexit Referendum Day,08/04/2016,0.0037311524977301,0.0145437267272736,0.0126678713064461,-0.008936718808716
Technology_and_Telecommunications,Brexit Referendum Day,06/24/2016,-0.0968319524590094,-0.0718493316770992,-0.0599626963115222,-0.0368692561474872
Technology_and_Telecommunications,Brexit Referendum Day,06/27/2016,-0.0814033802516978,-0.069629057871896,-0.0580961140916357,-0.023307266160062096
Technology_and_Telecommunications,Brexit Referendum Day,06/28/2016,0.0374640975157951,0.0357564658223685,0.0305014022597921,0.006962695256003001
Technology_and_Telecommunications,Brexit Referendum Day,06/29/2016,0.0277780063897974,0.0322387647530666,0.0275440740890742,0.000233932300723199
Technology_and_Telecommunications,Brexit Referendum Day,06/30/2016,-0.0033786056210132,0.0167594131190818,0.0145305968919579,-0.0179092025129711
Technology_and_Telecommunications,Brexit Referendum Day,07/01/2016,0.0020340958372193,0.011947587765549,0.0104852995826554,-0.0084512037454361
Technology_and_Telecommunications,Brexit Referendum Day,07/04/2016,-0.040595625282963,-0.0211836752414138,-0.0173681238582966,-0.023227501424666397
Technology_and_Telecommunications,Brexit Referendum Day,07/05/2016,-0.0148095672497708,-0.0237021223557353,-0.019485380114845,0.004675812865074201
Technology_and_Telecommunications,Brexit Referendum Day,07/06/2016,0.0136006212361075,-0.0041309970443138,-0.0030319524142349,0.0166325736503424
Technology_and_Telecommunications,Brexit Referendum Day,07/07/2016,0.0021187451404447,0.0146205483525163,0.0127324551786896,-0.010613710038244899
Technology_and_Telecommunications,Brexit Referendum Day,07/08/2016,0.013389548103404,0.0175484944415578,0.0151939768602872,-0.0018044287568832005
Technology_and_Telecommunications,Brexit Referendum Day,07/11/2016,0.0292074941833182,0.0326744422801139,0.0279103477998592,0.0012971463834589997
Technology_and_Telecommunications,Brexit Referendum Day,07/12/2016,0.0074322517204323,0.0060275832253193,0.0055083570134354,0.0019238947069969
Technology_and_Telecommunications,Brexit Referendum Day,07/13/2016,-0.0006704578468009,-0.0033378519006163,-0.002365155995007,0.0016946981482060999
Technology_and_Telecommunications,Brexit Referendum Day,07/14/2016,0.0234897220286784,0.0022088233538295,0.0022979289745898,0.021191793054088602
Technology_and_Telecommunications,Brexit Referendum Day,07/15/2016,-0.007213231897027,-0.0036156313289253,-0.0025986849141505,-0.0046145469828764996
Technology_and_Telecommunications,Brexit Referendum Day,07/18/2016,0.0118892123607181,0.008393370773686,0.0074972725082097,0.004391939852508399
Technology_and_Telecommunications,Brexit Referendum Day,07/19/2016,0.0137076441984544,0.0022884900898096,0.0023649047289082,0.0113427394695462
Technology_and_Telecommunications,Brexit Referendum Day,07/20/2016,0.0122344260917401,0.0066602156694075,0.0060402105483873,0.0061942155433528
Technology_and_Telecommunications,Brexit Referendum Day,07/21/2016,0.0146308586196315,0.0016746087788197,0.0018488152549303,0.012782043364701201
Technology_and_Telecommunications,Brexit Referendum Day,07/22/2016,0.0006269272207155,-0.0037483950139483,-0.0027102992264618,0.0033372264471773
Technology_and_Telecommunications,Brexit Referendum Day,07/25/2016,-0.0012529760385388,0.0063296729178319,0.0057623235501452,-0.007015299588684
Technology_and_Telecommunications,Brexit Referendum Day,07/26/2016,-0.0081556304891119,-0.0012813990184892,-0.0006362978799326,-0.007519332609179301
Technology_and_Telecommunications,Brexit Referendum Day,07/27/2016,0.0189752982863293,0.0115296521640724,0.0101339414929705,0.008841356793358799
Technology_and_Telecommunications,Brexit Referendum Day,07/28/2016,0.0148975531149704,-0.0007876571199486,-0.0002212095035039,0.0151187626184743
Technology_and_Telecommunications,Brexit Referendum Day,07/29/2016,0.0006115895402423,0.0017736538310446,0.0019320823425379,-0.0013204928022956001
Technology_and_Telecommunications,Brexit Referendum Day,08/01/2016,-0.0091686886588423,-0.0083146444535981,-0.006549141082652,-0.0026195475761902993
Technology_and_Telecommunications,Brexit Referendum Day,08/02/2016,-0.0117212920965766,-0.0044459030890217,-0.0032966936468743,-0.0084245984497023
Technology_and_Telecommunications,Brexit Referendum Day,08/03/2016,0.0037454974088804,-0.0038621807785852,-0.0028059588179274,0.006551456226807801
Technology_and_Telecommunications,Brexit Referendum Day,08/04/2016,0.0037311524977301,0.0145437267272736,0.0126678713064461,-0.008936718808716
Technology_and_Telecommunications,Brexit Referendum Day,06/24/2016,-0.0859232509874701,-0.0314605164436398,-0.0260078551471662,-0.0599153958403039
Technology_and_Telecommunications,Brexit Referendum Day,06/27/2016,-0.0843999526263445,-0.0254939962892312,-0.0209918069423395,-0.063408145684005
Technology_and_Telecommunications,Brexit Referendum Day,06/28/2016,0.0546088490762244,0.0264450706874055,0.0226733206238569,0.0319355284523675
Technology_and_Telecommunications,Brexit Referendum Day,06/29/2016,0.03231161721736,0.0357794604271037,0.0305207338036096,0.0017908834137503986
Technology_and_Telecommunications,Brexit Referendum Day,06/30/2016,0.0156500734207538,0.0226725530757587,0.0195017684118701,-0.0038516949911162994
Technology_and_Telecommunications,Brexit Referendum Day,07/01/2016,-0.0031610128360325,0.0113002171189942,0.0099410556539545,-0.013102068489987
Technology_and_Telecommunications,Brexit Referendum Day,07/04/2016,-0.0118904224043997,-0.0084374717455598,-0.0066524018781248,-0.005238020526274901
Technology_and_Telecommunications,Brexit Referendum Day,07/05/2016,-0.0212595624808766,0.0035417104929227,0.003418486010896,-0.024678048491772603
Technology_and_Telecommunications,Brexit Referendum Day,07/06/2016,-0.0110655781759887,-0.0124972967134077,-0.010065493129788,-0.0010000850462007008
Technology_and_Telecommunications,Brexit Referendum Day,07/07/2016,0.043928683167083,0.0108607751053015,0.0095716171425837,0.034357066024499304
Technology_and_Telecommunications,Brexit Referendum Day,07/08/2016,0.0206432843765895,0.0086933017029386,0.0077494241745605,0.012893860202029001
Technology_and_Telecommunications,Brexit Referendum Day,07/11/2016,0.0248926665784623,0.0140047648650878,0.0122147665466659,0.0126779000317964
Technology_and_Telecommunications,Brexit Referendum Day,07/12/2016,0.0018977092341672,-0.0003291545681356,0.0001642531853685,0.0017334560487986999
Technology_and_Telecommunications,Brexit Referendum Day,07/13/2016,-0.0204543499190855,-0.0015417984144801,-0.0008552154213127,-0.0195991344977728
Technology_and_Telecommunications,Brexit Referendum Day,07/14/2016,0.0201083346856696,-0.0023836505421755,-0.0015629597588116,0.0216712944444812
Technology_and_Telecommunications,Brexit Referendum Day,07/15/2016,0.0060649819198552,0.002209060832895,0.0022981286230297,0.0037668532968255005
Technology_and_Telecommunications,Brexit Referendum Day,07/18/2016,0.0131877411062215,0.0039284631236087,0.0037436286046792,0.0094441125015423
Technology_and_Telecommunications,Brexit Referendum Day,07/19/2016,0.0119003086695352,0.0002987125532709,0.000692100517766,0.0112082081517692
Technology_and_Telecommunications,Brexit Referendum Day,07/20/2016,0.0113926717387329,0.0047182635227129,0.0044076131000925,0.0069850586386404
Technology_and_Telecommunications,Brexit Referendum Day,07/21/2016,-0.0065404391839178,-0.0043245798270545,-0.0031946972880847,-0.0033457418958330997
Technology_and_Telecommunications,Brexit Referendum Day,07/22/2016,0.0018287934433636,0.0045672469890998,0.0042806536341516,-0.002451860190788
Technology_and_Telecommunications,Brexit Referendum Day,07/25/2016,-0.0025558937636686,-0.0030309638724834,-0.0021071555017946,-0.0004487382618740001
Technology_and_Telecommunications,Brexit Referendum Day,07/26/2016,-0.0054902990892686,0.0020714895666913,0.0021824725814814,-0.00767277167075
Technology_and_Telecommunications,Brexit Referendum Day,07/27/2016,0.0117777700151679,0.0039262198607599,0.0037417426955908,0.0080360273195771
Technology_and_Telecommunications,Brexit Referendum Day,07/28/2016,-0.0003637432385856,-0.0043404546562236,-0.0032080432428951,0.0028443000043095
Technology_and_Telecommunications,Brexit Referendum Day,07/29/2016,0.009825133078299,0.0004909619912745,0.0008537244498773,0.0089714086284217
Technology_and_Telecommunications,Brexit Referendum Day,08/01/2016,-0.0126127082975036,-0.0045208349868,-0.0033596888269136,-0.00925301947059
Technology_and_Telecommunications,Brexit Referendum Day,08/02/2016,0.0021897273572826,-0.0072602476331415,-0.0056627106103577,0.0078524379676403
Technology_and_Telecommunications,Brexit Referendum Day,08/03/2016,-0.0080115886954486,-0.0016552803686231,-0.0009506195995653,-0.0070609690958833
Technology_and_Telecommunications,Brexit Referendum Day,08/04/2016,0.0201909797377479,0.0159472287661426,0.0138477942263976,0.006343185511350298
Technology_and_Telecommunications,Brexit Referendum Day,06/24/2016,-0.0859232509874701,-0.0314605164436398,-0.0260078551471662,-0.0599153958403039
Technology_and_Telecommunications,Brexit Referendum Day,06/27/2016,-0.0843999526263445,-0.0254939962892312,-0.0209918069423395,-0.063408145684005
Technology_and_Telecommunications,Brexit Referendum Day,06/28/2016,0.0546088490762244,0.0264450706874055,0.0226733206238569,0.0319355284523675
Technology_and_Telecommunications,Brexit Referendum Day,06/29/2016,0.03231161721736,0.0357794604271037,0.0305207338036096,0.0017908834137503986
Technology_and_Telecommunications,Brexit Referendum Day,06/30/2016,0.0156500734207538,0.0226725530757587,0.0195017684118701,-0.0038516949911162994
Technology_and_Telecommunications,Brexit Referendum Day,07/01/2016,-0.0031610128360325,0.0113002171189942,0.0099410556539545,-0.013102068489987
Technology_and_Telecommunications,Brexit Referendum Day,07/04/2016,-0.0118904224043997,-0.0084374717455598,-0.0066524018781248,-0.005238020526274901
Technology_and_Telecommunications,Brexit Referendum Day,07/05/2016,-0.0212595624808766,0.0035417104929227,0.003418486010896,-0.024678048491772603
Technology_and_Telecommunications,Brexit Referendum Day,07/06/2016,-0.0110655781759887,-0.0124972967134077,-0.010065493129788,-0.0010000850462007008
Technology_and_Telecommunications,Brexit Referendum Day,07/07/2016,0.043928683167083,0.0108607751053015,0.0095716171425837,0.034357066024499304
Technology_and_Telecommunications,Brexit Referendum Day,07/08/2016,0.0206432843765895,0.0086933017029386,0.0077494241745605,0.012893860202029001
Technology_and_Telecommunications,Brexit Referendum Day,07/11/2016,0.0248926665784623,0.0140047648650878,0.0122147665466659,0.0126779000317964
Technology_and_Telecommunications,Brexit Referendum Day,07/12/2016,0.0018977092341672,-0.0003291545681356,0.0001642531853685,0.0017334560487986999
Technology_and_Telecommunications,Brexit Referendum Day,07/13/2016,-0.0204543499190855,-0.0015417984144801,-0.0008552154213127,-0.0195991344977728
Technology_and_Telecommunications,Brexit Referendum Day,07/14/2016,0.0201083346856696,-0.0023836505421755,-0.0015629597588116,0.0216712944444812
Technology_and_Telecommunications,Brexit Referendum Day,07/15/2016,0.0060649819198552,0.002209060832895,0.0022981286230297,0.0037668532968255005
Technology_and_Telecommunications,Brexit Referendum Day,07/18/2016,0.0131877411062215,0.0039284631236087,0.0037436286046792,0.0094441125015423
Technology_and_Telecommunications,Brexit Referendum Day,07/19/2016,0.0119003086695352,0.0002987125532709,0.000692100517766,0.0112082081517692
Technology_and_Telecommunications,Brexit Referendum Day,07/20/2016,0.0113926717387329,0.0047182635227129,0.0044076131000925,0.0069850586386404
Technology_and_Telecommunications,Brexit Referendum Day,07/21/2016,-0.0065404391839178,-0.0043245798270545,-0.0031946972880847,-0.0033457418958330997
Technology_and_Telecommunications,Brexit Referendum Day,07/22/2016,0.0018287934433636,0.0045672469890998,0.0042806536341516,-0.002451860190788
Technology_and_Telecommunications,Brexit Referendum Day,07/25/2016,-0.0025558937636686,-0.0030309638724834,-0.0021071555017946,-0.0004487382618740001
Technology_and_Telecommunications,Brexit Referendum Day,07/26/2016,-0.0054902990892686,0.0020714895666913,0.0021824725814814,-0.00767277167075
Technology_and_Telecommunications,Brexit Referendum Day,07/27/2016,0.0117777700151679,0.0039262198607599,0.0037417426955908,0.0080360273195771
Technology_and_Telecommunications,Brexit Referendum Day,07/28/2016,-0.0003637432385856,-0.0043404546562236,-0.0032080432428951,0.0028443000043095
Technology_and_Telecommunications,Brexit Referendum Day,07/29/2016,0.009825133078299,0.0004909619912745,0.0008537244498773,0.0089714086284217
Technology_and_Telecommunications,Brexit Referendum Day,08/01/2016,-0.0126127082975036,-0.0045208349868,-0.0033596888269136,-0.00925301947059
Technology_and_Telecommunications,Brexit Referendum Day,08/02/2016,0.0021897273572826,-0.0072602476331415,-0.0056627106103577,0.0078524379676403
Technology_and_Telecommunications,Brexit Referendum Day,08/03/2016,-0.0080115886954486,-0.0016552803686231,-0.0009506195995653,-0.0070609690958833
Technology_and_Telecommunications,Brexit Referendum Day,08/04/2016,0.0201909797377479,0.0159472287661426,0.0138477942263976,0.006343185511350298
Technology_and_Telecommunications,Brexit Referendum Day,06/24/2016,-0.0859232509874701,-0.0314605164436398,-0.0260078551471662,-0.0599153958403039
Technology_and_Telecommunications,Brexit Referendum Day,06/27/2016,-0.0843999526263445,-0.0254939962892312,-0.0209918069423395,-0.063408145684005
Technology_and_Telecommunications,Brexit Referendum Day,06/28/2016,0.0546088490762244,0.0264450706874055,0.0226733206238569,0.0319355284523675
Technology_and_Telecommunications,Brexit Referendum Day,06/29/2016,0.03231161721736,0.0357794604271037,0.0305207338036096,0.0017908834137503986
Technology_and_Telecommunications,Brexit Referendum Day,06/30/2016,0.0156500734207538,0.0226725530757587,0.0195017684118701,-0.0038516949911162994
Technology_and_Telecommunications,Brexit Referendum Day,07/01/2016,-0.0031610128360325,0.0113002171189942,0.0099410556539545,-0.013102068489987
Technology_and_Telecommunications,Brexit Referendum Day,07/04/2016,-0.0118904224043997,-0.0084374717455598,-0.0066524018781248,-0.005238020526274901
Technology_and_Telecommunications,Brexit Referendum Day,07/05/2016,-0.0212595624808766,0.0035417104929227,0.003418486010896,-0.024678048491772603
Technology_and_Telecommunications,Brexit Referendum Day,07/06/2016,-0.0110655781759887,-0.0124972967134077,-0.010065493129788,-0.0010000850462007008
Technology_and_Telecommunications,Brexit Referendum Day,07/07/2016,0.043928683167083,0.0108607751053015,0.0095716171425837,0.034357066024499304
Technology_and_Telecommunications,Brexit Referendum Day,07/08/2016,0.0206432843765895,0.0086933017029386,0.0077494241745605,0.012893860202029001
Technology_and_Telecommunications,Brexit Referendum Day,07/11/2016,0.0248926665784623,0.0140047648650878,0.0122147665466659,0.0126779000317964
Technology_and_Telecommunications,Brexit Referendum Day,07/12/2016,0.0018977092341672,-0.0003291545681356,0.0001642531853685,0.0017334560487986999
Technology_and_Telecommunications,Brexit Referendum Day,07/13/2016,-0.0204543499190855,-0.0015417984144801,-0.0008552154213127,-0.0195991344977728
Technology_and_Telecommunications,Brexit Referendum Day,07/14/2016,0.0201083346856696,-0.0023836505421755,-0.0015629597588116,0.0216712944444812
Technology_and_Telecommunications,Brexit Referendum Day,07/15/2016,0.0060649819198552,0.002209060832895,0.0022981286230297,0.0037668532968255005
Technology_and_Telecommunications,Brexit Referendum Day,07/18/2016,0.0131877411062215,0.0039284631236087,0.0037436286046792,0.0094441125015423
Technology_and_Telecommunications,Brexit Referendum Day,07/19/2016,0.0119003086695352,0.0002987125532709,0.000692100517766,0.0112082081517692
Technology_and_Telecommunications,Brexit Referendum Day,07/20/2016,0.0113926717387329,0.0047182635227129,0.0044076131000925,0.0069850586386404
Technology_and_Telecommunications,Brexit Referendum Day,07/21/2016,-0.0065404391839178,-0.0043245798270545,-0.0031946972880847,-0.0033457418958330997
Technology_and_Telecommunications,Brexit Referendum Day,07/22/2016,0.0018287934433636,0.0045672469890998,0.0042806536341516,-0.002451860190788
Technology_and_Telecommunications,Brexit Referendum Day,07/25/2016,-0.0025558937636686,-0.0030309638724834,-0.0021071555017946,-0.0004487382618740001
Technology_and_Telecommunications,Brexit Referendum Day,07/26/2016,-0.0054902990892686,0.0020714895666913,0.0021824725814814,-0.00767277167075
Technology_and_Telecommunications,Brexit Referendum Day,07/27/2016,0.0117777700151679,0.0039262198607599,0.0037417426955908,0.0080360273195771
Technology_and_Telecommunications,Brexit Referendum Day,07/28/2016,-0.0003637432385856,-0.0043404546562236,-0.0032080432428951,0.0028443000043095
Technology_and_Telecommunications,Brexit Referendum Day,07/29/2016,0.009825133078299,0.0004909619912745,0.0008537244498773,0.0089714086284217
Technology_and_Telecommunications,Brexit Referendum Day,08/01/2016,-0.0126127082975036,-0.0045208349868,-0.0033596888269136,-0.00925301947059
Technology_and_Telecommunications,Brexit Referendum Day,08/02/2016,0.0021897273572826,-0.0072602476331415,-0.0056627106103577,0.0078524379676403
Technology_and_Telecommunications,Brexit Referendum Day,08/03/2016,-0.0080115886954486,-0.0016552803686231,-0.0009506195995653,-0.0070609690958833
Technology_and_Telecommunications,Brexit Referendum Day,08/04/2016,0.0201909797377479,0.0159472287661426,0.0138477942263976,0.006343185511350298
Technology_and_Telecommunications,Brexit Referendum Day,06/24/2016,-0.14082832172329,-0.0314605164436398,-0.0260078551471662,-0.1148204665761238
Technology_and_Telecommunications,Brexit Referendum Day,06/27/2016,-0.0732784060167958,-0.0254939962892312,-0.0209918069423395,-0.052286599074456305
Technology_and_Telecommunications,Brexit Referendum Day,06/28/2016,0.0844234946672659,0.0264450706874055,0.0226733206238569,0.061750174043409
Technology_and_Telecommunications,Brexit Referendum Day,06/29/2016,0.0183662340373913,0.0357794604271037,0.0305207338036096,-0.0121544997662183
Technology_and_Telecommunications,Brexit Referendum Day,06/30/2016,-0.0180349990244443,0.0226725530757587,0.0195017684118701,-0.0375367674363144
Technology_and_Telecommunications,Brexit Referendum Day,07/01/2016,0.0246710122576494,0.0113002171189942,0.0099410556539545,0.0147299566036949
Technology_and_Telecommunications,Brexit Referendum Day,07/04/2016,-0.0636703906543945,-0.0084374717455598,-0.0066524018781248,-0.05701798877626971
Technology_and_Telecommunications,Brexit Referendum Day,07/05/2016,-0.0400000424813388,0.0035417104929227,0.003418486010896,-0.0434185284922348
Technology_and_Telecommunications,Brexit Referendum Day,07/06/2016,-0.0556548809441317,-0.0124972967134077,-0.010065493129788,-0.0455893878143437
Technology_and_Telecommunications,Brexit Referendum Day,07/07/2016,0.0646078586108631,0.0108607751053015,0.0095716171425837,0.0550362414682794
Technology_and_Telecommunications,Brexit Referendum Day,07/08/2016,0.0331556470457483,0.0086933017029386,0.0077494241745605,0.025406222871187798
Technology_and_Telecommunications,Brexit Referendum Day,07/11/2016,0.0567334334118003,0.0140047648650878,0.0122147665466659,0.0445186668651344
Technology_and_Telecommunications,Brexit Referendum Day,07/12/2016,0.0073211675494759,-0.0003291545681356,0.0001642531853685,0.0071569143641074
Technology_and_Telecommunications,Brexit Referendum Day,07/13/2016,-0.0096905191911574,-0.0015417984144801,-0.0008552154213127,-0.008835303769844701
Technology_and_Telecommunications,Brexit Referendum Day,07/14/2016,0.0048928099052096,-0.0023836505421755,-0.0015629597588116,0.006455769664021199
Technology_and_Telecommunications,Brexit Referendum Day,07/15/2016,-0.0197458628144735,0.002209060832895,0.0022981286230297,-0.0220439914375032
Technology_and_Telecommunications,Brexit Referendum Day,07/18/2016,0.0154524618534861,0.0039284631236087,0.0037436286046792,0.0117088332488069
Technology_and_Telecommunications,Brexit Referendum Day,07/19/2016,0.0084240276014335,0.0002987125532709,0.000692100517766,0.007731927083667501
Technology_and_Telecommunications,Brexit Referendum Day,07/20/2016,0.014281775336103,0.0047182635227129,0.0044076131000925,0.0098741622360105
Technology_and_Telecommunications,Brexit Referendum Day,07/21/2016,-0.0042506606896884,-0.0043245798270545,-0.0031946972880847,-0.0010559634016037
Technology_and_Telecommunications,Brexit Referendum Day,07/22/2016,-0.0074707484867544,0.0045672469890998,0.0042806536341516,-0.011751402120906
Technology_and_Telecommunications,Brexit Referendum Day,07/25/2016,0.0155913627349553,-0.0030309638724834,-0.0021071555017946,0.0176985182367499
Technology_and_Telecommunications,Brexit Referendum Day,07/26/2016,0.0031766067221346,0.0020714895666913,0.0021824725814814,0.0009941341406532003
Technology_and_Telecommunications,Brexit Referendum Day,07/27/2016,0.0873347537252298,0.0039262198607599,0.0037417426955908,0.083593011029639
Technology_and_Telecommunications,Brexit Referendum Day,07/28/2016,-0.0123755217522824,-0.0043404546562236,-0.0032080432428951,-0.0091674785093873
Technology_and_Telecommunications,Brexit Referendum Day,07/29/2016,-0.0046684397350078,0.0004909619912745,0.0008537244498773,-0.0055221641848851
Technology_and_Telecommunications,Brexit Referendum Day,08/01/2016,-0.0059243148157586,-0.0045208349868,-0.0033596888269136,-0.0025646259888450003
Technology_and_Telecommunications,Brexit Referendum Day,08/02/2016,0.0084430418580734,-0.0072602476331415,-0.0056627106103577,0.0141057524684311
Technology_and_Telecommunications,Brexit Referendum Day,08/03/2016,0.0022161574377947,-0.0016552803686231,-0.0009506195995653,0.00316677703736
Technology_and_Telecommunications,Brexit Referendum Day,08/04/2016,0.0085995170654022,0.0159472287661426,0.0138477942263976,-0.0052482771609954
Technology_and_Telecommunications,Brexit Referendum Day,06/24/2016,-0.14082832172329,-0.0314605164436398,-0.0260078551471662,-0.1148204665761238
Technology_and_Telecommunications,Brexit Referendum Day,06/27/2016,-0.0732784060167958,-0.0254939962892312,-0.0209918069423395,-0.052286599074456305
Technology_and_Telecommunications,Brexit Referendum Day,06/28/2016,0.0844234946672659,0.0264450706874055,0.0226733206238569,0.061750174043409
Technology_and_Telecommunications,Brexit Referendum Day,06/29/2016,0.0183662340373913,0.0357794604271037,0.0305207338036096,-0.0121544997662183
Technology_and_Telecommunications,Brexit Referendum Day,06/30/2016,-0.0180349990244443,0.0226725530757587,0.0195017684118701,-0.0375367674363144
Technology_and_Telecommunications,Brexit Referendum Day,07/01/2016,0.0246710122576494,0.0113002171189942,0.0099410556539545,0.0147299566036949
Technology_and_Telecommunications,Brexit Referendum Day,07/04/2016,-0.0636703906543945,-0.0084374717455598,-0.0066524018781248,-0.05701798877626971
Technology_and_Telecommunications,Brexit Referendum Day,07/05/2016,-0.0400000424813388,0.0035417104929227,0.003418486010896,-0.0434185284922348
Technology_and_Telecommunications,Brexit Referendum Day,07/06/2016,-0.0556548809441317,-0.0124972967134077,-0.010065493129788,-0.0455893878143437
Technology_and_Telecommunications,Brexit Referendum Day,07/07/2016,0.0646078586108631,0.0108607751053015,0.0095716171425837,0.0550362414682794
Technology_and_Telecommunications,Brexit Referendum Day,07/08/2016,0.0331556470457483,0.0086933017029386,0.0077494241745605,0.025406222871187798
Technology_and_Telecommunications,Brexit Referendum Day,07/11/2016,0.0567334334118003,0.0140047648650878,0.0122147665466659,0.0445186668651344
Technology_and_Telecommunications,Brexit Referendum Day,07/12/2016,0.0073211675494759,-0.0003291545681356,0.0001642531853685,0.0071569143641074
Technology_and_Telecommunications,Brexit Referendum Day,07/13/2016,-0.0096905191911574,-0.0015417984144801,-0.0008552154213127,-0.008835303769844701
Technology_and_Telecommunications,Brexit Referendum Day,07/14/2016,0.0048928099052096,-0.0023836505421755,-0.0015629597588116,0.006455769664021199
Technology_and_Telecommunications,Brexit Referendum Day,07/15/2016,-0.0197458628144735,0.002209060832895,0.0022981286230297,-0.0220439914375032
Technology_and_Telecommunications,Brexit Referendum Day,07/18/2016,0.0154524618534861,0.0039284631236087,0.0037436286046792,0.0117088332488069
Technology_and_Telecommunications,Brexit Referendum Day,07/19/2016,0.0084240276014335,0.0002987125532709,0.000692100517766,0.007731927083667501
Technology_and_Telecommunications,Brexit Referendum Day,07/20/2016,0.014281775336103,0.0047182635227129,0.0044076131000925,0.0098741622360105
Technology_and_Telecommunications,Brexit Referendum Day,07/21/2016,-0.0042506606896884,-0.0043245798270545,-0.0031946972880847,-0.0010559634016037
Technology_and_Telecommunications,Brexit Referendum Day,07/22/2016,-0.0074707484867544,0.0045672469890998,0.0042806536341516,-0.011751402120906
Technology_and_Telecommunications,Brexit Referendum Day,07/25/2016,0.0155913627349553,-0.0030309638724834,-0.0021071555017946,0.0176985182367499
Technology_and_Telecommunications,Brexit Referendum Day,07/26/2016,0.0031766067221346,0.0020714895666913,0.0021824725814814,0.0009941341406532003
Technology_and_Telecommunications,Brexit Referendum Day,07/27/2016,0.0873347537252298,0.0039262198607599,0.0037417426955908,0.083593011029639
Technology_and_Telecommunications,Brexit Referendum Day,07/28/2016,-0.0123755217522824,-0.0043404546562236,-0.0032080432428951,-0.0091674785093873
Technology_and_Telecommunications,Brexit Referendum Day,07/29/2016,-0.0046684397350078,0.0004909619912745,0.0008537244498773,-0.0055221641848851
Technology_and_Telecommunications,Brexit Referendum Day,08/01/2016,-0.0059243148157586,-0.0045208349868,-0.0033596888269136,-0.0025646259888450003
Technology_and_Telecommunications,Brexit Referendum Day,08/02/2016,0.0084430418580734,-0.0072602476331415,-0.0056627106103577,0.0141057524684311
Technology_and_Telecommunications,Brexit Referendum Day,08/03/2016,0.0022161574377947,-0.0016552803686231,-0.0009506195995653,0.00316677703736
Technology_and_Telecommunications,Brexit Referendum Day,08/04/2016,0.0085995170654022,0.0159472287661426,0.0138477942263976,-0.0052482771609954
Technology_and_Telecommunications,Brexit Referendum Day,06/24/2016,-0.14082832172329,-0.0314605164436398,-0.0260078551471662,-0.1148204665761238
Technology_and_Telecommunications,Brexit Referendum Day,06/27/2016,-0.0732784060167958,-0.0254939962892312,-0.0209918069423395,-0.052286599074456305
Technology_and_Telecommunications,Brexit Referendum Day,06/28/2016,0.0844234946672659,0.0264450706874055,0.0226733206238569,0.061750174043409
Technology_and_Telecommunications,Brexit Referendum Day,06/29/2016,0.0183662340373913,0.0357794604271037,0.0305207338036096,-0.0121544997662183
Technology_and_Telecommunications,Brexit Referendum Day,06/30/2016,-0.0180349990244443,0.0226725530757587,0.0195017684118701,-0.0375367674363144
Technology_and_Telecommunications,Brexit Referendum Day,07/01/2016,0.0246710122576494,0.0113002171189942,0.0099410556539545,0.0147299566036949
Technology_and_Telecommunications,Brexit Referendum Day,07/04/2016,-0.0636703906543945,-0.0084374717455598,-0.0066524018781248,-0.05701798877626971
Technology_and_Telecommunications,Brexit Referendum Day,07/05/2016,-0.0400000424813388,0.0035417104929227,0.003418486010896,-0.0434185284922348
Technology_and_Telecommunications,Brexit Referendum Day,07/06/2016,-0.0556548809441317,-0.0124972967134077,-0.010065493129788,-0.0455893878143437
Technology_and_Telecommunications,Brexit Referendum Day,07/07/2016,0.0646078586108631,0.0108607751053015,0.0095716171425837,0.0550362414682794
Technology_and_Telecommunications,Brexit Referendum Day,07/08/2016,0.0331556470457483,0.0086933017029386,0.0077494241745605,0.025406222871187798
Technology_and_Telecommunications,Brexit Referendum Day,07/11/2016,0.0567334334118003,0.0140047648650878,0.0122147665466659,0.0445186668651344
Technology_and_Telecommunications,Brexit Referendum Day,07/12/2016,0.0073211675494759,-0.0003291545681356,0.0001642531853685,0.0071569143641074
Technology_and_Telecommunications,Brexit Referendum Day,07/13/2016,-0.0096905191911574,-0.0015417984144801,-0.0008552154213127,-0.008835303769844701
Technology_and_Telecommunications,Brexit Referendum Day,07/14/2016,0.0048928099052096,-0.0023836505421755,-0.0015629597588116,0.006455769664021199
Technology_and_Telecommunications,Brexit Referendum Day,07/15/2016,-0.0197458628144735,0.002209060832895,0.0022981286230297,-0.0220439914375032
Technology_and_Telecommunications,Brexit Referendum Day,07/18/2016,0.0154524618534861,0.0039284631236087,0.0037436286046792,0.0117088332488069
Technology_and_Telecommunications,Brexit Referendum Day,07/19/2016,0.0084240276014335,0.0002987125532709,0.000692100517766,0.007731927083667501
Technology_and_Telecommunications,Brexit Referendum Day,07/20/2016,0.014281775336103,0.0047182635227129,0.0044076131000925,0.0098741622360105
Technology_and_Telecommunications,Brexit Referendum Day,07/21/2016,-0.0042506606896884,-0.0043245798270545,-0.0031946972880847,-0.0010559634016037
Technology_and_Telecommunications,Brexit Referendum Day,07/22/2016,-0.0074707484867544,0.0045672469890998,0.0042806536341516,-0.011751402120906
Technology_and_Telecommunications,Brexit Referendum Day,07/25/2016,0.0155913627349553,-0.0030309638724834,-0.0021071555017946,0.0176985182367499
Technology_and_Telecommunications,Brexit Referendum Day,07/26/2016,0.0031766067221346,0.0020714895666913,0.0021824725814814,0.0009941341406532003
Technology_and_Telecommunications,Brexit Referendum Day,07/27/2016,0.0873347537252298,0.0039262198607599,0.0037417426955908,0.083593011029639
Technology_and_Telecommunications,Brexit Referendum Day,07/28/2016,-0.0123755217522824,-0.0043404546562236,-0.0032080432428951,-0.0091674785093873
Technology_and_Telecommunications,Brexit Referendum Day,07/29/2016,-0.0046684397350078,0.0004909619912745,0.0008537244498773,-0.0055221641848851
Technology_and_Telecommunications,Brexit Referendum Day,08/01/2016,-0.0059243148157586,-0.0045208349868,-0.0033596888269136,-0.0025646259888450003
Technology_and_Telecommunications,Brexit Referendum Day,08/02/2016,0.0084430418580734,-0.0072602476331415,-0.0056627106103577,0.0141057524684311
Technology_and_Telecommunications,Brexit Referendum Day,08/03/2016,0.0022161574377947,-0.0016552803686231,-0.0009506195995653,0.00316677703736
Technology_and_Telecommunications,Brexit Referendum Day,08/04/2016,0.0085995170654022,0.0159472287661426,0.0138477942263976,-0.0052482771609954
Technology_and_Telecommunications,Brexit Referendum Day,06/24/2016,-0.1049608216574329,-0.0718493316770992,-0.0599626963115222,-0.044998125345910696
Technology_and_Telecommunications,Brexit Referendum Day,06/27/2016,-0.1233954245914558,-0.069629057871896,-0.0580961140916357,-0.0652993104998201
Technology_and_Telecommunications,Brexit Referendum Day,06/28/2016,-0.0016638005787326,0.0357564658223685,0.0305014022597921,-0.0321652028385247
Technology_and_Telecommunications,Brexit Referendum Day,06/29/2016,0.0,0.0322387647530666,0.0275440740890742,-0.0275440740890742
Technology_and_Telecommunications,Brexit Referendum Day,06/30/2016,0.1066666534349709,0.0167594131190818,0.0145305968919579,0.092136056543013
Technology_and_Telecommunications,Brexit Referendum Day,07/01/2016,-0.0060240957102963,0.011947587765549,0.0104852995826554,-0.0165093952929517
Technology_and_Telecommunications,Brexit Referendum Day,07/04/2016,-0.0333333859593963,-0.0211836752414138,-0.0173681238582966,-0.0159652621010997
Technology_and_Telecommunications,Brexit Referendum Day,07/05/2016,-0.0595610667230983,-0.0237021223557353,-0.019485380114845,-0.040075686608253294
Technology_and_Telecommunications,Brexit Referendum Day,07/06/2016,-0.0666668444675778,-0.0041309970443138,-0.0030319524142349,-0.0636348920533429
Technology_and_Telecommunications,Brexit Referendum Day,07/07/2016,0.0160714628663576,0.0146205483525163,0.0127324551786896,0.0033390076876679987
Technology_and_Telecommunications,Brexit Referendum Day,07/08/2016,0.0478031780884131,0.0175484944415578,0.0151939768602872,0.0326092012281259
Technology_and_Telecommunications,Brexit Referendum Day,07/11/2016,0.0348877970297092,0.0326744422801139,0.0279103477998592,0.006977449229849997
Technology_and_Telecommunications,Brexit Referendum Day,07/12/2016,-0.0051864573329896,0.0060275832253193,0.0055083570134354,-0.010694814346425
Technology_and_Telecommunications,Brexit Referendum Day,07/13/2016,0.0055391358460621,-0.0033378519006163,-0.002365155995007,0.0079042918410691
Technology_and_Telecommunications,Brexit Referendum Day,07/14/2016,0.0139341428918469,0.0022088233538295,0.0022979289745898,0.0116362139172571
Technology_and_Telecommunications,Brexit Referendum Day,07/15/2016,0.0067112713059582,-0.0036156313289253,-0.0025986849141505,0.0093099562201087
Technology_and_Telecommunications,Brexit Referendum Day,07/18/2016,0.0358730196610015,0.008393370773686,0.0074972725082097,0.028375747152791803
Technology_and_Telecommunications,Brexit Referendum Day,07/19/2016,0.0085808089281105,0.0022884900898096,0.0023649047289082,0.0062159041992023
Technology_and_Telecommunications,Brexit Referendum Day,07/20/2016,0.0127621599317637,0.0066602156694075,0.0060402105483873,0.0067219493833764
Technology_and_Telecommunications,Brexit Referendum Day,07/21/2016,-0.0159015974283937,0.0016746087788197,0.0018488152549303,-0.017750412683323998
Technology_and_Telecommunications,Brexit Referendum Day,07/22/2016,0.0146341253102644,-0.0037483950139483,-0.0027102992264618,0.017344424536726202
Technology_and_Telecommunications,Brexit Referendum Day,07/25/2016,0.037259776934247,0.0063296729178319,0.0057623235501452,0.0314974533841018
Technology_and_Telecommunications,Brexit Referendum Day,07/26/2016,0.0002894553517545,-0.0012813990184892,-0.0006362978799326,0.0009257532316870999
Technology_and_Telecommunications,Brexit Referendum Day,07/27/2016,0.0057922816351854,0.0115296521640724,0.0101339414929705,-0.0043416598577851
Technology_and_Telecommunications,Brexit Referendum Day,07/28/2016,-0.0028794085854209,-0.0007876571199486,-0.0002212095035039,-0.002658199081917
Technology_and_Telecommunications,Brexit Referendum Day,07/29/2016,0.0028877235213204,0.0017736538310446,0.0019320823425379,0.0009556411787825
Technology_and_Telecommunications,Brexit Referendum Day,08/01/2016,-0.0181398883382666,-0.0083146444535981,-0.006549141082652,-0.011590747255614597
Technology_and_Telecommunications,Brexit Referendum Day,08/02/2016,0.0029323874610369,-0.0044459030890217,-0.0032966936468743,0.0062290811079112
Technology_and_Telecommunications,Brexit Referendum Day,08/03/2016,0.0040936656288779,-0.0038621807785852,-0.0028059588179274,0.0068996244468053
Technology_and_Telecommunications,Brexit Referendum Day,08/04/2016,0.002912110127873,0.0145437267272736,0.0126678713064461,-0.0097557611785731
Technology_and_Telecommunications,Brexit Referendum Day,06/24/2016,-0.1049608216574329,-0.0718493316770992,-0.0599626963115222,-0.044998125345910696
Technology_and_Telecommunications,Brexit Referendum Day,06/27/2016,-0.1233954245914558,-0.069629057871896,-0.0580961140916357,-0.0652993104998201
Technology_and_Telecommunications,Brexit Referendum Day,06/28/2016,-0.0016638005787326,0.0357564658223685,0.0305014022597921,-0.0321652028385247
Technology_and_Telecommunications,Brexit Referendum Day,06/29/2016,0.0,0.0322387647530666,0.0275440740890742,-0.0275440740890742
Technology_and_Telecommunications,Brexit Referendum Day,06/30/2016,0.1066666534349709,0.0167594131190818,0.0145305968919579,0.092136056543013
Technology_and_Telecommunications,Brexit Referendum Day,07/01/2016,-0.0060240957102963,0.011947587765549,0.0104852995826554,-0.0165093952929517
Technology_and_Telecommunications,Brexit Referendum Day,07/04/2016,-0.0333333859593963,-0.0211836752414138,-0.0173681238582966,-0.0159652621010997
Technology_and_Telecommunications,Brexit Referendum Day,07/05/2016,-0.0595610667230983,-0.0237021223557353,-0.019485380114845,-0.040075686608253294
Technology_and_Telecommunications,Brexit Referendum Day,07/06/2016,-0.0666668444675778,-0.0041309970443138,-0.0030319524142349,-0.0636348920533429
Technology_and_Telecommunications,Brexit Referendum Day,07/07/2016,0.0160714628663576,0.0146205483525163,0.0127324551786896,0.0033390076876679987
Technology_and_Telecommunications,Brexit Referendum Day,07/08/2016,0.0478031780884131,0.0175484944415578,0.0151939768602872,0.0326092012281259
Technology_and_Telecommunications,Brexit Referendum Day,07/11/2016,0.0348877970297092,0.0326744422801139,0.0279103477998592,0.006977449229849997
Technology_and_Telecommunications,Brexit Referendum Day,07/12/2016,-0.0051864573329896,0.0060275832253193,0.0055083570134354,-0.010694814346425
Technology_and_Telecommunications,Brexit Referendum Day,07/13/2016,0.0055391358460621,-0.0033378519006163,-0.002365155995007,0.0079042918410691
Technology_and_Telecommunications,Brexit Referendum Day,07/14/2016,0.0139341428918469,0.0022088233538295,0.0022979289745898,0.0116362139172571
Technology_and_Telecommunications,Brexit Referendum Day,07/15/2016,0.0067112713059582,-0.0036156313289253,-0.0025986849141505,0.0093099562201087
Technology_and_Telecommunications,Brexit Referendum Day,07/18/2016,0.0358730196610015,0.008393370773686,0.0074972725082097,0.028375747152791803
Technology_and_Telecommunications,Brexit Referendum Day,07/19/2016,0.0085808089281105,0.0022884900898096,0.0023649047289082,0.0062159041992023
Technology_and_Telecommunications,Brexit Referendum Day,07/20/2016,0.0127621599317637,0.0066602156694075,0.0060402105483873,0.0067219493833764
Technology_and_Telecommunications,Brexit Referendum Day,07/21/2016,-0.0159015974283937,0.0016746087788197,0.0018488152549303,-0.017750412683323998
Technology_and_Telecommunications,Brexit Referendum Day,07/22/2016,0.0146341253102644,-0.0037483950139483,-0.0027102992264618,0.017344424536726202
Technology_and_Telecommunications,Brexit Referendum Day,07/25/2016,0.037259776934247,0.0063296729178319,0.0057623235501452,0.0314974533841018
Technology_and_Telecommunications,Brexit Referendum Day,07/26/2016,0.0002894553517545,-0.0012813990184892,-0.0006362978799326,0.0009257532316870999
Technology_and_Telecommunications,Brexit Referendum Day,07/27/2016,0.0057922816351854,0.0115296521640724,0.0101339414929705,-0.0043416598577851
Technology_and_Telecommunications,Brexit Referendum Day,07/28/2016,-0.0028794085854209,-0.0007876571199486,-0.0002212095035039,-0.002658199081917
Technology_and_Telecommunications,Brexit Referendum Day,07/29/2016,0.0028877235213204,0.0017736538310446,0.0019320823425379,0.0009556411787825
Technology_and_Telecommunications,Brexit Referendum Day,08/01/2016,-0.0181398883382666,-0.0083146444535981,-0.006549141082652,-0.011590747255614597
Technology_and_Telecommunications,Brexit Referendum Day,08/02/2016,0.0029323874610369,-0.0044459030890217,-0.0032966936468743,0.0062290811079112
Technology_and_Telecommunications,Brexit Referendum Day,08/03/2016,0.0040936656288779,-0.0038621807785852,-0.0028059588179274,0.0068996244468053
Technology_and_Telecommunications,Brexit Referendum Day,08/04/2016,0.002912110127873,0.0145437267272736,0.0126678713064461,-0.0097557611785731
Technology_and_Telecommunications,Brexit Referendum Day,06/24/2016,-0.1049608216574329,-0.0718493316770992,-0.0599626963115222,-0.044998125345910696
Technology_and_Telecommunications,Brexit Referendum Day,06/27/2016,-0.1233954245914558,-0.069629057871896,-0.0580961140916357,-0.0652993104998201
Technology_and_Telecommunications,Brexit Referendum Day,06/28/2016,-0.0016638005787326,0.0357564658223685,0.0305014022597921,-0.0321652028385247
Technology_and_Telecommunications,Brexit Referendum Day,06/29/2016,0.0,0.0322387647530666,0.0275440740890742,-0.0275440740890742
Technology_and_Telecommunications,Brexit Referendum Day,06/30/2016,0.1066666534349709,0.0167594131190818,0.0145305968919579,0.092136056543013
Technology_and_Telecommunications,Brexit Referendum Day,07/01/2016,-0.0060240957102963,0.011947587765549,0.0104852995826554,-0.0165093952929517
Technology_and_Telecommunications,Brexit Referendum Day,07/04/2016,-0.0333333859593963,-0.0211836752414138,-0.0173681238582966,-0.0159652621010997
Technology_and_Telecommunications,Brexit Referendum Day,07/05/2016,-0.0595610667230983,-0.0237021223557353,-0.019485380114845,-0.040075686608253294
Technology_and_Telecommunications,Brexit Referendum Day,07/06/2016,-0.0666668444675778,-0.0041309970443138,-0.0030319524142349,-0.0636348920533429
Technology_and_Telecommunications,Brexit Referendum Day,07/07/2016,0.0160714628663576,0.0146205483525163,0.0127324551786896,0.0033390076876679987
Technology_and_Telecommunications,Brexit Referendum Day,07/08/2016,0.0478031780884131,0.0175484944415578,0.0151939768602872,0.0326092012281259
Technology_and_Telecommunications,Brexit Referendum Day,07/11/2016,0.0348877970297092,0.0326744422801139,0.0279103477998592,0.006977449229849997
Technology_and_Telecommunications,Brexit Referendum Day,07/12/2016,-0.0051864573329896,0.0060275832253193,0.0055083570134354,-0.010694814346425
Technology_and_Telecommunications,Brexit Referendum Day,07/13/2016,0.0055391358460621,-0.0033378519006163,-0.002365155995007,0.0079042918410691
Technology_and_Telecommunications,Brexit Referendum Day,07/14/2016,0.0139341428918469,0.0022088233538295,0.0022979289745898,0.0116362139172571
Technology_and_Telecommunications,Brexit Referendum Day,07/15/2016,0.0067112713059582,-0.0036156313289253,-0.0025986849141505,0.0093099562201087
Technology_and_Telecommunications,Brexit Referendum Day,07/18/2016,0.0358730196610015,0.008393370773686,0.0074972725082097,0.028375747152791803
Technology_and_Telecommunications,Brexit Referendum Day,07/19/2016,0.0085808089281105,0.0022884900898096,0.0023649047289082,0.0062159041992023
Technology_and_Telecommunications,Brexit Referendum Day,07/20/2016,0.0127621599317637,0.0066602156694075,0.0060402105483873,0.0067219493833764
Technology_and_Telecommunications,Brexit Referendum Day,07/21/2016,-0.0159015974283937,0.0016746087788197,0.0018488152549303,-0.017750412683323998
Technology_and_Telecommunications,Brexit Referendum Day,07/22/2016,0.0146341253102644,-0.0037483950139483,-0.0027102992264618,0.017344424536726202
Technology_and_Telecommunications,Brexit Referendum Day,07/25/2016,0.037259776934247,0.0063296729178319,0.0057623235501452,0.0314974533841018
Technology_and_Telecommunications,Brexit Referendum Day,07/26/2016,0.0002894553517545,-0.0012813990184892,-0.0006362978799326,0.0009257532316870999
Technology_and_Telecommunications,Brexit Referendum Day,07/27/2016,0.0057922816351854,0.0115296521640724,0.0101339414929705,-0.0043416598577851
Technology_and_Telecommunications,Brexit Referendum Day,07/28/2016,-0.0028794085854209,-0.0007876571199486,-0.0002212095035039,-0.002658199081917
Technology_and_Telecommunications,Brexit Referendum Day,07/29/2016,0.0028877235213204,0.0017736538310446,0.0019320823425379,0.0009556411787825
Technology_and_Telecommunications,Brexit Referendum Day,08/01/2016,-0.0181398883382666,-0.0083146444535981,-0.006549141082652,-0.011590747255614597
Technology_and_Telecommunications,Brexit Referendum Day,08/02/2016,0.0029323874610369,-0.0044459030890217,-0.0032966936468743,0.0062290811079112
Technology_and_Telecommunications,Brexit Referendum Day,08/03/2016,0.0040936656288779,-0.0038621807785852,-0.0028059588179274,0.0068996244468053
Technology_and_Telecommunications,Brexit Referendum Day,08/04/2016,0.002912110127873,0.0145437267272736,0.0126678713064461,-0.0097557611785731
Technology_and_Telecommunications,Brexit Referendum Day,06/24/2016,-0.0374799904397626,-0.0314605164436398,-0.0260078551471662,-0.0114721352925964
Technology_and_Telecommunications,Brexit Referendum Day,06/27/2016,-0.0505386416661989,-0.0254939962892312,-0.0209918069423395,-0.029546834723859397
Technology_and_Telecommunications,Brexit Referendum Day,06/28/2016,0.0671906298027822,0.0264450706874055,0.0226733206238569,0.0445173091789253
Technology_and_Telecommunications,Brexit Referendum Day,06/29/2016,0.0302532599264024,0.0357794604271037,0.0305207338036096,-0.00026747387720719995
Technology_and_Telecommunications,Brexit Referendum Day,06/30/2016,0.0246031420733918,0.0226725530757587,0.0195017684118701,0.005101373661521701
Technology_and_Telecommunications,Brexit Referendum Day,07/01/2016,-0.0317583042786911,0.0113002171189942,0.0099410556539545,-0.0416993599326456
Technology_and_Telecommunications,Brexit Referendum Day,07/04/2016,0.0047998873772072,-0.0084374717455598,-0.0066524018781248,0.011452289255332
Technology_and_Telecommunications,Brexit Referendum Day,07/05/2016,0.0222931368912915,0.0035417104929227,0.003418486010896,0.0188746508803955
Technology_and_Telecommunications,Brexit Referendum Day,07/06/2016,-0.0038940277174742,-0.0124972967134077,-0.010065493129788,0.0061714654123138
Technology_and_Telecommunications,Brexit Referendum Day,07/07/2016,-0.0007819191127282,0.0108607751053015,0.0095716171425837,-0.0103535362553119
Technology_and_Telecommunications,Brexit Referendum Day,07/08/2016,0.0015650619773293,0.0086933017029386,0.0077494241745605,-0.006184362197231201
Technology_and_Telecommunications,Brexit Referendum Day,07/11/2016,0.0234375215529329,0.0140047648650878,0.0122147665466659,0.011222755006267
Technology_and_Telecommunications,Brexit Referendum Day,07/12/2016,-0.0152673016071263,-0.0003291545681356,0.0001642531853685,-0.015431554792494799
Technology_and_Telecommunications,Brexit Referendum Day,07/13/2016,0.0023255267536517,-0.0015417984144801,-0.0008552154213127,0.0031807421749644
Technology_and_Telecommunications,Brexit Referendum Day,07/14/2016,0.0139211287383227,-0.0023836505421755,-0.0015629597588116,0.015484088497134299
Technology_and_Telecommunications,Brexit Referendum Day,07/15/2016,-0.0045766639185059,0.002209060832895,0.0022981286230297,-0.0068747925415356
Technology_and_Telecommunications,Brexit Referendum Day,07/18/2016,0.0237548710891339,0.0039284631236087,0.0037436286046792,0.020011242484454697
Technology_and_Telecommunications,Brexit Referendum Day,07/19/2016,0.0127245084451022,0.0002987125532709,0.000692100517766,0.012032407927336201
Technology_and_Telecommunications,Brexit Referendum Day,07/20/2016,0.0303030072354824,0.0047182635227129,0.0044076131000925,0.025895394135389903
Technology_and_Telecommunications,Brexit Referendum Day,07/21/2016,-0.0150644199879019,-0.0043245798270545,-0.0031946972880847,-0.0118697226998172
Technology_and_Telecommunications,Brexit Referendum Day,07/22/2016,0.0094680582700519,0.0045672469890998,0.0042806536341516,0.005187404635900301
Technology_and_Telecommunications,Brexit Referendum Day,07/25/2016,0.0057721186699954,-0.0030309638724834,-0.0021071555017946,0.007879274171790001
Technology_and_Telecommunications,Brexit Referendum Day,07/26/2016,0.0078910223656369,0.0020714895666913,0.0021824725814814,0.0057085497841555
Technology_and_Telecommunications,Brexit Referendum Day,07/27/2016,-0.0007119015636386,0.0039262198607599,0.0037417426955908,-0.0044536442592294
Technology_and_Telecommunications,Brexit Referendum Day,07/28/2016,0.0170940367994005,-0.0043404546562236,-0.0032080432428951,0.0203020800422956
Technology_and_Telecommunications,Brexit Referendum Day,07/29/2016,-0.0021006881639287,0.0004909619912745,0.0008537244498773,-0.002954412613806
Technology_and_Telecommunications,Brexit Referendum Day,08/01/2016,0.0007017034481042,-0.0045208349868,-0.0033596888269136,0.0040613922750178
Technology_and_Telecommunications,Brexit Referendum Day,08/02/2016,-0.0063115217308984,-0.0072602476331415,-0.0056627106103577,-0.0006488111205406998
Technology_and_Telecommunications,Brexit Referendum Day,08/03/2016,-0.0112914743159558,-0.0016552803686231,-0.0009506195995653,-0.0103408547163905
Technology_and_Telecommunications,Brexit Referendum Day,08/04/2016,0.0214133020930205,0.0159472287661426,0.0138477942263976,0.007565507866622899
Technology_and_Telecommunications,Brexit Referendum Day,06/24/2016,-0.0374799904397626,-0.0314605164436398,-0.0260078551471662,-0.0114721352925964
Technology_and_Telecommunications,Brexit Referendum Day,06/27/2016,-0.0505386416661989,-0.0254939962892312,-0.0209918069423395,-0.029546834723859397
Technology_and_Telecommunications,Brexit Referendum Day,06/28/2016,0.0671906298027822,0.0264450706874055,0.0226733206238569,0.0445173091789253
Technology_and_Telecommunications,Brexit Referendum Day,06/29/2016,0.0302532599264024,0.0357794604271037,0.0305207338036096,-0.00026747387720719995
Technology_and_Telecommunications,Brexit Referendum Day,06/30/2016,0.0246031420733918,0.0226725530757587,0.0195017684118701,0.005101373661521701
Technology_and_Telecommunications,Brexit Referendum Day,07/01/2016,-0.0317583042786911,0.0113002171189942,0.0099410556539545,-0.0416993599326456
Technology_and_Telecommunications,Brexit Referendum Day,07/04/2016,0.0047998873772072,-0.0084374717455598,-0.0066524018781248,0.011452289255332
Technology_and_Telecommunications,Brexit Referendum Day,07/05/2016,0.0222931368912915,0.0035417104929227,0.003418486010896,0.0188746508803955
Technology_and_Telecommunications,Brexit Referendum Day,07/06/2016,-0.0038940277174742,-0.0124972967134077,-0.010065493129788,0.0061714654123138
Technology_and_Telecommunications,Brexit Referendum Day,07/07/2016,-0.0007819191127282,0.0108607751053015,0.0095716171425837,-0.0103535362553119
Technology_and_Telecommunications,Brexit Referendum Day,07/08/2016,0.0015650619773293,0.0086933017029386,0.0077494241745605,-0.006184362197231201
Technology_and_Telecommunications,Brexit Referendum Day,07/11/2016,0.0234375215529329,0.0140047648650878,0.0122147665466659,0.011222755006267
Technology_and_Telecommunications,Brexit Referendum Day,07/12/2016,-0.0152673016071263,-0.0003291545681356,0.0001642531853685,-0.015431554792494799
Technology_and_Telecommunications,Brexit Referendum Day,07/13/2016,0.0023255267536517,-0.0015417984144801,-0.0008552154213127,0.0031807421749644
Technology_and_Telecommunications,Brexit Referendum Day,07/14/2016,0.0139211287383227,-0.0023836505421755,-0.0015629597588116,0.015484088497134299
Technology_and_Telecommunications,Brexit Referendum Day,07/15/2016,-0.0045766639185059,0.002209060832895,0.0022981286230297,-0.0068747925415356
Technology_and_Telecommunications,Brexit Referendum Day,07/18/2016,0.0237548710891339,0.0039284631236087,0.0037436286046792,0.020011242484454697
Technology_and_Telecommunications,Brexit Referendum Day,07/19/2016,0.0127245084451022,0.0002987125532709,0.000692100517766,0.012032407927336201
Technology_and_Telecommunications,Brexit Referendum Day,07/20/2016,0.0303030072354824,0.0047182635227129,0.0044076131000925,0.025895394135389903
Technology_and_Telecommunications,Brexit Referendum Day,07/21/2016,-0.0150644199879019,-0.0043245798270545,-0.0031946972880847,-0.0118697226998172
Technology_and_Telecommunications,Brexit Referendum Day,07/22/2016,0.0094680582700519,0.0045672469890998,0.0042806536341516,0.005187404635900301
Technology_and_Telecommunications,Brexit Referendum Day,07/25/2016,0.0057721186699954,-0.0030309638724834,-0.0021071555017946,0.007879274171790001
Technology_and_Telecommunications,Brexit Referendum Day,07/26/2016,0.0078910223656369,0.0020714895666913,0.0021824725814814,0.0057085497841555
Technology_and_Telecommunications,Brexit Referendum Day,07/27/2016,-0.0007119015636386,0.0039262198607599,0.0037417426955908,-0.0044536442592294
Technology_and_Telecommunications,Brexit Referendum Day,07/28/2016,0.0170940367994005,-0.0043404546562236,-0.0032080432428951,0.0203020800422956
Technology_and_Telecommunications,Brexit Referendum Day,07/29/2016,-0.0021006881639287,0.0004909619912745,0.0008537244498773,-0.002954412613806
Technology_and_Telecommunications,Brexit Referendum Day,08/01/2016,0.0007017034481042,-0.0045208349868,-0.0033596888269136,0.0040613922750178
Technology_and_Telecommunications,Brexit Referendum Day,08/02/2016,-0.0063115217308984,-0.0072602476331415,-0.0056627106103577,-0.0006488111205406998
Technology_and_Telecommunications,Brexit Referendum Day,08/03/2016,-0.0112914743159558,-0.0016552803686231,-0.0009506195995653,-0.0103408547163905
Technology_and_Telecommunications,Brexit Referendum Day,08/04/2016,0.0214133020930205,0.0159472287661426,0.0138477942263976,0.007565507866622899
Technology_and_Telecommunications,Brexit Referendum Day,06/24/2016,-0.0374799904397626,-0.0314605164436398,-0.0260078551471662,-0.0114721352925964
Technology_and_Telecommunications,Brexit Referendum Day,06/27/2016,-0.0505386416661989,-0.0254939962892312,-0.0209918069423395,-0.029546834723859397
Technology_and_Telecommunications,Brexit Referendum Day,06/28/2016,0.0671906298027822,0.0264450706874055,0.0226733206238569,0.0445173091789253
Technology_and_Telecommunications,Brexit Referendum Day,06/29/2016,0.0302532599264024,0.0357794604271037,0.0305207338036096,-0.00026747387720719995
Technology_and_Telecommunications,Brexit Referendum Day,06/30/2016,0.0246031420733918,0.0226725530757587,0.0195017684118701,0.005101373661521701
Technology_and_Telecommunications,Brexit Referendum Day,07/01/2016,-0.0317583042786911,0.0113002171189942,0.0099410556539545,-0.0416993599326456
Technology_and_Telecommunications,Brexit Referendum Day,07/04/2016,0.0047998873772072,-0.0084374717455598,-0.0066524018781248,0.011452289255332
Technology_and_Telecommunications,Brexit Referendum Day,07/05/2016,0.0222931368912915,0.0035417104929227,0.003418486010896,0.0188746508803955
Technology_and_Telecommunications,Brexit Referendum Day,07/06/2016,-0.0038940277174742,-0.0124972967134077,-0.010065493129788,0.0061714654123138
Technology_and_Telecommunications,Brexit Referendum Day,07/07/2016,-0.0007819191127282,0.0108607751053015,0.0095716171425837,-0.0103535362553119
Technology_and_Telecommunications,Brexit Referendum Day,07/08/2016,0.0015650619773293,0.0086933017029386,0.0077494241745605,-0.006184362197231201
Technology_and_Telecommunications,Brexit Referendum Day,07/11/2016,0.0234375215529329,0.0140047648650878,0.0122147665466659,0.011222755006267
Technology_and_Telecommunications,Brexit Referendum Day,07/12/2016,-0.0152673016071263,-0.0003291545681356,0.0001642531853685,-0.015431554792494799
Technology_and_Telecommunications,Brexit Referendum Day,07/13/2016,0.0023255267536517,-0.0015417984144801,-0.0008552154213127,0.0031807421749644
Technology_and_Telecommunications,Brexit Referendum Day,07/14/2016,0.0139211287383227,-0.0023836505421755,-0.0015629597588116,0.015484088497134299
Technology_and_Telecommunications,Brexit Referendum Day,07/15/2016,-0.0045766639185059,0.002209060832895,0.0022981286230297,-0.0068747925415356
Technology_and_Telecommunications,Brexit Referendum Day,07/18/2016,0.0237548710891339,0.0039284631236087,0.0037436286046792,0.020011242484454697
Technology_and_Telecommunications,Brexit Referendum Day,07/19/2016,0.0127245084451022,0.0002987125532709,0.000692100517766,0.012032407927336201
Technology_and_Telecommunications,Brexit Referendum Day,07/20/2016,0.0303030072354824,0.0047182635227129,0.0044076131000925,0.025895394135389903
Technology_and_Telecommunications,Brexit Referendum Day,07/21/2016,-0.0150644199879019,-0.0043245798270545,-0.0031946972880847,-0.0118697226998172
Technology_and_Telecommunications,Brexit Referendum Day,07/22/2016,0.0094680582700519,0.0045672469890998,0.0042806536341516,0.005187404635900301
Technology_and_Telecommunications,Brexit Referendum Day,07/25/2016,0.0057721186699954,-0.0030309638724834,-0.0021071555017946,0.007879274171790001
Technology_and_Telecommunications,Brexit Referendum Day,07/26/2016,0.0078910223656369,0.0020714895666913,0.0021824725814814,0.0057085497841555
Technology_and_Telecommunications,Brexit Referendum Day,07/27/2016,-0.0007119015636386,0.0039262198607599,0.0037417426955908,-0.0044536442592294
Technology_and_Telecommunications,Brexit Referendum Day,07/28/2016,0.0170940367994005,-0.0043404546562236,-0.0032080432428951,0.0203020800422956
Technology_and_Telecommunications,Brexit Referendum Day,07/29/2016,-0.0021006881639287,0.0004909619912745,0.0008537244498773,-0.002954412613806
Technology_and_Telecommunications,Brexit Referendum Day,08/01/2016,0.0007017034481042,-0.0045208349868,-0.0033596888269136,0.0040613922750178
Technology_and_Telecommunications,Brexit Referendum Day,08/02/2016,-0.0063115217308984,-0.0072602476331415,-0.0056627106103577,-0.0006488111205406998
Technology_and_Telecommunications,Brexit Referendum Day,08/03/2016,-0.0112914743159558,-0.0016552803686231,-0.0009506195995653,-0.0103408547163905
Technology_and_Telecommunications,Brexit Referendum Day,08/04/2016,0.0214133020930205,0.0159472287661426,0.0138477942263976,0.007565507866622899
Technology_and_Telecommunications,Brexit Referendum Day,06/24/2016,0.0064249666350475,-0.0314605164436398,-0.0260078551471662,0.0324328217822137
Technology_and_Telecommunications,Brexit Referendum Day,06/27/2016,-0.0455996810106664,-0.0254939962892312,-0.0209918069423395,-0.0246078740683269
Technology_and_Telecommunications,Brexit Referendum Day,06/28/2016,0.042045141610876,0.0264450706874055,0.0226733206238569,0.019371820987019096
Technology_and_Telecommunications,Brexit Referendum Day,06/29/2016,0.0206327949512739,0.0357794604271037,0.0305207338036096,-0.009887938852335701
Technology_and_Telecommunications,Brexit Referendum Day,06/30/2016,0.0226866253011435,0.0226725530757587,0.0195017684118701,0.0031848568892734012
Technology_and_Telecommunications,Brexit Referendum Day,07/01/2016,0.0068082384025165,0.0113002171189942,0.0099410556539545,-0.003132817251438001
Technology_and_Telecommunications,Brexit Referendum Day,07/04/2016,-0.0143978719524676,-0.0084374717455598,-0.0066524018781248,-0.007745470074342799
Technology_and_Telecommunications,Brexit Referendum Day,07/05/2016,0.0117309261711417,0.0035417104929227,0.003418486010896,0.008312440160245701
Technology_and_Telecommunications,Brexit Referendum Day,07/06/2016,-0.0172829225647956,-0.0124972967134077,-0.010065493129788,-0.0072174294350075986
Technology_and_Telecommunications,Brexit Referendum Day,07/07/2016,0.0073462120430303,0.0108607751053015,0.0095716171425837,-0.002225405099553399
Technology_and_Telecommunications,Brexit Referendum Day,07/08/2016,0.0077349719011718,0.0086933017029386,0.0077494241745605,-1.4452273388700435e-05
Technology_and_Telecommunications,Brexit Referendum Day,07/11/2016,0.0087721711785691,0.0140047648650878,0.0122147665466659,-0.003442595368096801
Technology_and_Telecommunications,Brexit Referendum Day,07/12/2016,-0.0097827314586336,-0.0003291545681356,0.0001642531853685,-0.009946984644002099
Technology_and_Telecommunications,Brexit Referendum Day,07/13/2016,0.0059277048511587,-0.0015417984144801,-0.0008552154213127,0.0067829202724714
Technology_and_Telecommunications,Brexit Referendum Day,07/14/2016,-0.0109125948544009,-0.0023836505421755,-0.0015629597588116,-0.0093496350955893
Technology_and_Telecommunications,Brexit Referendum Day,07/15/2016,0.0057372241759763,0.002209060832895,0.0022981286230297,0.0034390955529466005
Technology_and_Telecommunications,Brexit Referendum Day,07/18/2016,-0.0096535043400642,0.0039284631236087,0.0037436286046792,-0.013397132944743399
Technology_and_Telecommunications,Brexit Referendum Day,07/19/2016,-0.0044307167128607,0.0002987125532709,0.000692100517766,-0.0051228172306267
Technology_and_Telecommunications,Brexit Referendum Day,07/20/2016,0.0042278087065164,0.0047182635227129,0.0044076131000925,-0.00017980439357610008
Technology_and_Telecommunications,Brexit Referendum Day,07/21/2016,-0.0024372125404524,-0.0043245798270545,-0.0031946972880847,0.0007574847476322999
Technology_and_Telecommunications,Brexit Referendum Day,07/22/2016,0.0464239030264301,0.0045672469890998,0.0042806536341516,0.042143249392278495
Technology_and_Telecommunications,Brexit Referendum Day,07/25/2016,-0.0027597088386204,-0.0030309638724834,-0.0021071555017946,-0.0006525533368258
Technology_and_Telecommunications,Brexit Referendum Day,07/26/2016,-0.0100041469753253,0.0020714895666913,0.0021824725814814,-0.0121866195568067
Technology_and_Telecommunications,Brexit Referendum Day,07/27/2016,0.0012900995168063,0.0039262198607599,0.0037417426955908,-0.0024516431787845
Technology_and_Telecommunications,Brexit Referendum Day,07/28/2016,-0.0133133462069551,-0.0043404546562236,-0.0032080432428951,-0.01010530296406
Technology_and_Telecommunications,Brexit Referendum Day,07/29/2016,-0.0008705481113714,0.0004909619912745,0.0008537244498773,-0.0017242725612487
Technology_and_Telecommunications,Brexit Referendum Day,08/01/2016,0.0017424849482774,-0.0045208349868,-0.0033596888269136,0.005102173775191
Technology_and_Telecommunications,Brexit Referendum Day,08/02/2016,-0.0130462890591854,-0.0072602476331415,-0.0056627106103577,-0.007383578448827701
Technology_and_Telecommunications,Brexit Referendum Day,08/03/2016,0.0145406774826422,-0.0016552803686231,-0.0009506195995653,0.0154912970822075
Technology_and_Telecommunications,Brexit Referendum Day,08/04/2016,0.0082517365159471,0.0159472287661426,0.0138477942263976,-0.0055960577104505
Technology_and_Telecommunications,Brexit Referendum Day,06/24/2016,0.0064249666350475,-0.0314605164436398,-0.0260078551471662,0.0324328217822137
Technology_and_Telecommunications,Brexit Referendum Day,06/27/2016,-0.0455996810106664,-0.0254939962892312,-0.0209918069423395,-0.0246078740683269
Technology_and_Telecommunications,Brexit Referendum Day,06/28/2016,0.042045141610876,0.0264450706874055,0.0226733206238569,0.019371820987019096
Technology_and_Telecommunications,Brexit Referendum Day,06/29/2016,0.0206327949512739,0.0357794604271037,0.0305207338036096,-0.009887938852335701
Technology_and_Telecommunications,Brexit Referendum Day,06/30/2016,0.0226866253011435,0.0226725530757587,0.0195017684118701,0.0031848568892734012
Technology_and_Telecommunications,Brexit Referendum Day,07/01/2016,0.0068082384025165,0.0113002171189942,0.0099410556539545,-0.003132817251438001
Technology_and_Telecommunications,Brexit Referendum Day,07/04/2016,-0.0143978719524676,-0.0084374717455598,-0.0066524018781248,-0.007745470074342799
Technology_and_Telecommunications,Brexit Referendum Day,07/05/2016,0.0117309261711417,0.0035417104929227,0.003418486010896,0.008312440160245701
Technology_and_Telecommunications,Brexit Referendum Day,07/06/2016,-0.0172829225647956,-0.0124972967134077,-0.010065493129788,-0.0072174294350075986
Technology_and_Telecommunications,Brexit Referendum Day,07/07/2016,0.0073462120430303,0.0108607751053015,0.0095716171425837,-0.002225405099553399
Technology_and_Telecommunications,Brexit Referendum Day,07/08/2016,0.0077349719011718,0.0086933017029386,0.0077494241745605,-1.4452273388700435e-05
Technology_and_Telecommunications,Brexit Referendum Day,07/11/2016,0.0087721711785691,0.0140047648650878,0.0122147665466659,-0.003442595368096801
Technology_and_Telecommunications,Brexit Referendum Day,07/12/2016,-0.0097827314586336,-0.0003291545681356,0.0001642531853685,-0.009946984644002099
Technology_and_Telecommunications,Brexit Referendum Day,07/13/2016,0.0059277048511587,-0.0015417984144801,-0.0008552154213127,0.0067829202724714
Technology_and_Telecommunications,Brexit Referendum Day,07/14/2016,-0.0109125948544009,-0.0023836505421755,-0.0015629597588116,-0.0093496350955893
Technology_and_Telecommunications,Brexit Referendum Day,07/15/2016,0.0057372241759763,0.002209060832895,0.0022981286230297,0.0034390955529466005
Technology_and_Telecommunications,Brexit Referendum Day,07/18/2016,-0.0096535043400642,0.0039284631236087,0.0037436286046792,-0.013397132944743399
Technology_and_Telecommunications,Brexit Referendum Day,07/19/2016,-0.0044307167128607,0.0002987125532709,0.000692100517766,-0.0051228172306267
Technology_and_Telecommunications,Brexit Referendum Day,07/20/2016,0.0042278087065164,0.0047182635227129,0.0044076131000925,-0.00017980439357610008
Technology_and_Telecommunications,Brexit Referendum Day,07/21/2016,-0.0024372125404524,-0.0043245798270545,-0.0031946972880847,0.0007574847476322999
Technology_and_Telecommunications,Brexit Referendum Day,07/22/2016,0.0464239030264301,0.0045672469890998,0.0042806536341516,0.042143249392278495
Technology_and_Telecommunications,Brexit Referendum Day,07/25/2016,-0.0027597088386204,-0.0030309638724834,-0.0021071555017946,-0.0006525533368258
Technology_and_Telecommunications,Brexit Referendum Day,07/26/2016,-0.0100041469753253,0.0020714895666913,0.0021824725814814,-0.0121866195568067
Technology_and_Telecommunications,Brexit Referendum Day,07/27/2016,0.0012900995168063,0.0039262198607599,0.0037417426955908,-0.0024516431787845
Technology_and_Telecommunications,Brexit Referendum Day,07/28/2016,-0.0133133462069551,-0.0043404546562236,-0.0032080432428951,-0.01010530296406
Technology_and_Telecommunications,Brexit Referendum Day,07/29/2016,-0.0008705481113714,0.0004909619912745,0.0008537244498773,-0.0017242725612487
Technology_and_Telecommunications,Brexit Referendum Day,08/01/2016,0.0017424849482774,-0.0045208349868,-0.0033596888269136,0.005102173775191
Technology_and_Telecommunications,Brexit Referendum Day,08/02/2016,-0.0130462890591854,-0.0072602476331415,-0.0056627106103577,-0.007383578448827701
Technology_and_Telecommunications,Brexit Referendum Day,08/03/2016,0.0145406774826422,-0.0016552803686231,-0.0009506195995653,0.0154912970822075
Technology_and_Telecommunications,Brexit Referendum Day,08/04/2016,0.0082517365159471,0.0159472287661426,0.0138477942263976,-0.0055960577104505
Technology_and_Telecommunications,Brexit Referendum Day,06/24/2016,0.0064249666350475,-0.0314605164436398,-0.0260078551471662,0.0324328217822137
Technology_and_Telecommunications,Brexit Referendum Day,06/27/2016,-0.0455996810106664,-0.0254939962892312,-0.0209918069423395,-0.0246078740683269
Technology_and_Telecommunications,Brexit Referendum Day,06/28/2016,0.042045141610876,0.0264450706874055,0.0226733206238569,0.019371820987019096
Technology_and_Telecommunications,Brexit Referendum Day,06/29/2016,0.0206327949512739,0.0357794604271037,0.0305207338036096,-0.009887938852335701
Technology_and_Telecommunications,Brexit Referendum Day,06/30/2016,0.0226866253011435,0.0226725530757587,0.0195017684118701,0.0031848568892734012
Technology_and_Telecommunications,Brexit Referendum Day,07/01/2016,0.0068082384025165,0.0113002171189942,0.0099410556539545,-0.003132817251438001
Technology_and_Telecommunications,Brexit Referendum Day,07/04/2016,-0.0143978719524676,-0.0084374717455598,-0.0066524018781248,-0.007745470074342799
Technology_and_Telecommunications,Brexit Referendum Day,07/05/2016,0.0117309261711417,0.0035417104929227,0.003418486010896,0.008312440160245701
Technology_and_Telecommunications,Brexit Referendum Day,07/06/2016,-0.0172829225647956,-0.0124972967134077,-0.010065493129788,-0.0072174294350075986
Technology_and_Telecommunications,Brexit Referendum Day,07/07/2016,0.0073462120430303,0.0108607751053015,0.0095716171425837,-0.002225405099553399
Technology_and_Telecommunications,Brexit Referendum Day,07/08/2016,0.0077349719011718,0.0086933017029386,0.0077494241745605,-1.4452273388700435e-05
Technology_and_Telecommunications,Brexit Referendum Day,07/11/2016,0.0087721711785691,0.0140047648650878,0.0122147665466659,-0.003442595368096801
Technology_and_Telecommunications,Brexit Referendum Day,07/12/2016,-0.0097827314586336,-0.0003291545681356,0.0001642531853685,-0.009946984644002099
Technology_and_Telecommunications,Brexit Referendum Day,07/13/2016,0.0059277048511587,-0.0015417984144801,-0.0008552154213127,0.0067829202724714
Technology_and_Telecommunications,Brexit Referendum Day,07/14/2016,-0.0109125948544009,-0.0023836505421755,-0.0015629597588116,-0.0093496350955893
Technology_and_Telecommunications,Brexit Referendum Day,07/15/2016,0.0057372241759763,0.002209060832895,0.0022981286230297,0.0034390955529466005
Technology_and_Telecommunications,Brexit Referendum Day,07/18/2016,-0.0096535043400642,0.0039284631236087,0.0037436286046792,-0.013397132944743399
Technology_and_Telecommunications,Brexit Referendum Day,07/19/2016,-0.0044307167128607,0.0002987125532709,0.000692100517766,-0.0051228172306267
Technology_and_Telecommunications,Brexit Referendum Day,07/20/2016,0.0042278087065164,0.0047182635227129,0.0044076131000925,-0.00017980439357610008
Technology_and_Telecommunications,Brexit Referendum Day,07/21/2016,-0.0024372125404524,-0.0043245798270545,-0.0031946972880847,0.0007574847476322999
Technology_and_Telecommunications,Brexit Referendum Day,07/22/2016,0.0464239030264301,0.0045672469890998,0.0042806536341516,0.042143249392278495
Technology_and_Telecommunications,Brexit Referendum Day,07/25/2016,-0.0027597088386204,-0.0030309638724834,-0.0021071555017946,-0.0006525533368258
Technology_and_Telecommunications,Brexit Referendum Day,07/26/2016,-0.0100041469753253,0.0020714895666913,0.0021824725814814,-0.0121866195568067
Technology_and_Telecommunications,Brexit Referendum Day,07/27/2016,0.0012900995168063,0.0039262198607599,0.0037417426955908,-0.0024516431787845
Technology_and_Telecommunications,Brexit Referendum Day,07/28/2016,-0.0133133462069551,-0.0043404546562236,-0.0032080432428951,-0.01010530296406
Technology_and_Telecommunications,Brexit Referendum Day,07/29/2016,-0.0008705481113714,0.0004909619912745,0.0008537244498773,-0.0017242725612487
Technology_and_Telecommunications,Brexit Referendum Day,08/01/2016,0.0017424849482774,-0.0045208349868,-0.0033596888269136,0.005102173775191
Technology_and_Telecommunications,Brexit Referendum Day,08/02/2016,-0.0130462890591854,-0.0072602476331415,-0.0056627106103577,-0.007383578448827701
Technology_and_Telecommunications,Brexit Referendum Day,08/03/2016,0.0145406774826422,-0.0016552803686231,-0.0009506195995653,0.0154912970822075
Technology_and_Telecommunications,Brexit Referendum Day,08/04/2016,0.0082517365159471,0.0159472287661426,0.0138477942263976,-0.0055960577104505
